tabla|periodo|columna|metrica|valor
clientes.pf_acoc_emp|2019-01-01|cobro.cuotas.aceleradas|mean|0
clientes.pf_acoc_emp|2019-01-01|correlativo|mean|312702.26639369
clientes.pf_acoc_emp|2019-01-01|cuotas|mean|18.0000804845168
clientes.pf_acoc_emp|2019-01-01|cuotas.pagadas|mean|10.0768124107125
clientes.pf_acoc_emp|2019-01-01|imei|mean|429133033768959
clientes.pf_acoc_emp|2019-01-01|monto.cuota.inicial|mean|63391.0329885913
clientes.pf_acoc_emp|2019-01-01|monto.cuota.inicial.diferida|mean|10245.6978410028
clientes.pf_acoc_emp|2019-01-01|monto.descuento.original|mean|2466.98080779627
clientes.pf_acoc_emp|2019-01-01|usuario.t.historico|mean|0
clientes.pf_acoc_emp|2019-01-01|valor.cuota|mean|11440.851496006
clientes.pf_acoc_emp|2019-01-01|valor.opcion|mean|4202
clientes.pf_acoc_emp|2019-01-01|cobro.cuotas.aceleradas|median|0
clientes.pf_acoc_emp|2019-01-01|correlativo|median|315682.5
clientes.pf_acoc_emp|2019-01-01|cuotas|median|18
clientes.pf_acoc_emp|2019-01-01|cuotas.pagadas|median|10
clientes.pf_acoc_emp|2019-01-01|imei|median|355788073958403
clientes.pf_acoc_emp|2019-01-01|monto.cuota.inicial|median|0
clientes.pf_acoc_emp|2019-01-01|monto.cuota.inicial.diferida|median|9235
clientes.pf_acoc_emp|2019-01-01|monto.descuento.original|median|3361
clientes.pf_acoc_emp|2019-01-01|usuario.t.historico|median|0
clientes.pf_acoc_emp|2019-01-01|valor.cuota|median|9235
clientes.pf_acoc_emp|2019-01-01|valor.opcion|median|4202
clientes.pf_acoc_emp|2019-01-01|cobro.cuotas.aceleradas|max|0
clientes.pf_acoc_emp|2019-01-01|correlativo|max|622592
clientes.pf_acoc_emp|2019-01-01|cuotas|max|24
clientes.pf_acoc_emp|2019-01-01|cuotas.pagadas|max|24
clientes.pf_acoc_emp|2019-01-01|imei|max|996643301893858
clientes.pf_acoc_emp|2019-01-01|monto.cuota.inicial|max|1038555
clientes.pf_acoc_emp|2019-01-01|monto.cuota.inicial.diferida|max|332739
clientes.pf_acoc_emp|2019-01-01|monto.descuento.original|max|336100
clientes.pf_acoc_emp|2019-01-01|usuario.t.historico|max|0
clientes.pf_acoc_emp|2019-01-01|valor.cuota|max|17639
clientes.pf_acoc_emp|2019-01-01|valor.opcion|max|4202
clientes.pf_acoc_emp|2019-01-01|cobro.cuotas.aceleradas|min|0
clientes.pf_acoc_emp|2019-01-01|correlativo|min|1
clientes.pf_acoc_emp|2019-01-01|cuotas|min|18
clientes.pf_acoc_emp|2019-01-01|cuotas.pagadas|min|0
clientes.pf_acoc_emp|2019-01-01|imei|min|11892001457768
clientes.pf_acoc_emp|2019-01-01|monto.cuota.inicial|min|0
clientes.pf_acoc_emp|2019-01-01|monto.cuota.inicial.diferida|min|0
clientes.pf_acoc_emp|2019-01-01|monto.descuento.original|min|0
clientes.pf_acoc_emp|2019-01-01|usuario.t.historico|min|0
clientes.pf_acoc_emp|2019-01-01|valor.cuota|min|0
clientes.pf_acoc_emp|2019-01-01|valor.opcion|min|4202
clientes.pf_acoc_emp|2019-02-01|cobro.cuotas.aceleradas|mean|0
clientes.pf_acoc_emp|2019-02-01|correlativo|mean|299007.816817633
clientes.pf_acoc_emp|2019-02-01|cuotas|mean|18.0000836767567
clientes.pf_acoc_emp|2019-02-01|cuotas.pagadas|mean|10.1644143672991
clientes.pf_acoc_emp|2019-02-01|imei|mean|432545399333357
clientes.pf_acoc_emp|2019-02-01|monto.cuota.inicial|mean|64457.0491984464
clientes.pf_acoc_emp|2019-02-01|monto.cuota.inicial.diferida|mean|10018.8574008605
clientes.pf_acoc_emp|2019-02-01|monto.descuento.original|mean|2436.75956878578
clientes.pf_acoc_emp|2019-02-01|usuario.t.historico|mean|0
clientes.pf_acoc_emp|2019-02-01|valor.cuota|mean|11136.0995753405
clientes.pf_acoc_emp|2019-02-01|valor.opcion|mean|4202
clientes.pf_acoc_emp|2019-02-01|cobro.cuotas.aceleradas|median|0
clientes.pf_acoc_emp|2019-02-01|correlativo|median|301831
clientes.pf_acoc_emp|2019-02-01|cuotas|median|18
clientes.pf_acoc_emp|2019-02-01|cuotas.pagadas|median|10
clientes.pf_acoc_emp|2019-02-01|imei|median|355787073170286
clientes.pf_acoc_emp|2019-02-01|monto.cuota.inicial|median|0
clientes.pf_acoc_emp|2019-02-01|monto.cuota.inicial.diferida|median|9235
clientes.pf_acoc_emp|2019-02-01|monto.descuento.original|median|3361
clientes.pf_acoc_emp|2019-02-01|usuario.t.historico|median|0
clientes.pf_acoc_emp|2019-02-01|valor.cuota|median|9235
clientes.pf_acoc_emp|2019-02-01|valor.opcion|median|4202
clientes.pf_acoc_emp|2019-02-01|cobro.cuotas.aceleradas|max|0
clientes.pf_acoc_emp|2019-02-01|correlativo|max|595817
clientes.pf_acoc_emp|2019-02-01|cuotas|max|24
clientes.pf_acoc_emp|2019-02-01|cuotas.pagadas|max|24
clientes.pf_acoc_emp|2019-02-01|imei|max|996643301893858
clientes.pf_acoc_emp|2019-02-01|monto.cuota.inicial|max|1038555
clientes.pf_acoc_emp|2019-02-01|monto.cuota.inicial.diferida|max|332739
clientes.pf_acoc_emp|2019-02-01|monto.descuento.original|max|336100
clientes.pf_acoc_emp|2019-02-01|usuario.t.historico|max|0
clientes.pf_acoc_emp|2019-02-01|valor.cuota|max|17639
clientes.pf_acoc_emp|2019-02-01|valor.opcion|max|4202
clientes.pf_acoc_emp|2019-02-01|cobro.cuotas.aceleradas|min|0
clientes.pf_acoc_emp|2019-02-01|correlativo|min|1
clientes.pf_acoc_emp|2019-02-01|cuotas|min|18
clientes.pf_acoc_emp|2019-02-01|cuotas.pagadas|min|0
clientes.pf_acoc_emp|2019-02-01|imei|min|11892001457768
clientes.pf_acoc_emp|2019-02-01|monto.cuota.inicial|min|0
clientes.pf_acoc_emp|2019-02-01|monto.cuota.inicial.diferida|min|0
clientes.pf_acoc_emp|2019-02-01|monto.descuento.original|min|0
clientes.pf_acoc_emp|2019-02-01|usuario.t.historico|min|0
clientes.pf_acoc_emp|2019-02-01|valor.cuota|min|0
clientes.pf_acoc_emp|2019-02-01|valor.opcion|min|4202
clientes.pf_acoc_emp|2019-03-01|cobro.cuotas.aceleradas|mean|0
clientes.pf_acoc_emp|2019-03-01|correlativo|mean|305627.146053437
clientes.pf_acoc_emp|2019-03-01|cuotas|mean|18.00008113892
clientes.pf_acoc_emp|2019-03-01|cuotas.pagadas|mean|10.703545432724
clientes.pf_acoc_emp|2019-03-01|imei|mean|434463638051913
clientes.pf_acoc_emp|2019-03-01|monto.cuota.inicial|mean|64432.1821670177
clientes.pf_acoc_emp|2019-03-01|monto.cuota.inicial.diferida|mean|9969.34238257677
clientes.pf_acoc_emp|2019-03-01|monto.descuento.original|mean|2622.72287339962
clientes.pf_acoc_emp|2019-03-01|usuario.t.historico|mean|0
clientes.pf_acoc_emp|2019-03-01|valor.cuota|mean|11015.3747840521
clientes.pf_acoc_emp|2019-03-01|valor.opcion|mean|4202
clientes.pf_acoc_emp|2019-03-01|cobro.cuotas.aceleradas|median|0
clientes.pf_acoc_emp|2019-03-01|correlativo|median|308828
clientes.pf_acoc_emp|2019-03-01|cuotas|median|18
clientes.pf_acoc_emp|2019-03-01|cuotas.pagadas|median|11
clientes.pf_acoc_emp|2019-03-01|imei|median|355787074396113
clientes.pf_acoc_emp|2019-03-01|monto.cuota.inicial|median|0
clientes.pf_acoc_emp|2019-03-01|monto.cuota.inicial.diferida|median|9235
clientes.pf_acoc_emp|2019-03-01|monto.descuento.original|median|3361
clientes.pf_acoc_emp|2019-03-01|usuario.t.historico|median|0
clientes.pf_acoc_emp|2019-03-01|valor.cuota|median|9235
clientes.pf_acoc_emp|2019-03-01|valor.opcion|median|4202
clientes.pf_acoc_emp|2019-03-01|cobro.cuotas.aceleradas|max|0
clientes.pf_acoc_emp|2019-03-01|correlativo|max|608483
clientes.pf_acoc_emp|2019-03-01|cuotas|max|24
clientes.pf_acoc_emp|2019-03-01|cuotas.pagadas|max|24
clientes.pf_acoc_emp|2019-03-01|imei|max|996643301893858
clientes.pf_acoc_emp|2019-03-01|monto.cuota.inicial|max|1038555
clientes.pf_acoc_emp|2019-03-01|monto.cuota.inicial.diferida|max|352905
clientes.pf_acoc_emp|2019-03-01|monto.descuento.original|max|356266
clientes.pf_acoc_emp|2019-03-01|usuario.t.historico|max|0
clientes.pf_acoc_emp|2019-03-01|valor.cuota|max|17639
clientes.pf_acoc_emp|2019-03-01|valor.opcion|max|4202
clientes.pf_acoc_emp|2019-03-01|cobro.cuotas.aceleradas|min|0
clientes.pf_acoc_emp|2019-03-01|correlativo|min|1
clientes.pf_acoc_emp|2019-03-01|cuotas|min|18
clientes.pf_acoc_emp|2019-03-01|cuotas.pagadas|min|0
clientes.pf_acoc_emp|2019-03-01|imei|min|11892001457768
clientes.pf_acoc_emp|2019-03-01|monto.cuota.inicial|min|0
clientes.pf_acoc_emp|2019-03-01|monto.cuota.inicial.diferida|min|0
clientes.pf_acoc_emp|2019-03-01|monto.descuento.original|min|0
clientes.pf_acoc_emp|2019-03-01|usuario.t.historico|min|0
clientes.pf_acoc_emp|2019-03-01|valor.cuota|min|0
clientes.pf_acoc_emp|2019-03-01|valor.opcion|min|4202
clientes.pf_acoc_emp|2019-04-01|cobro.cuotas.aceleradas|mean|0
clientes.pf_acoc_emp|2019-04-01|correlativo|mean|305653.68868387
clientes.pf_acoc_emp|2019-04-01|cuotas|mean|18.0000817049091
clientes.pf_acoc_emp|2019-04-01|cuotas.pagadas|mean|10.696268809151
clientes.pf_acoc_emp|2019-04-01|imei|mean|434358670301888
clientes.pf_acoc_emp|2019-04-01|monto.cuota.inicial|mean|64520.4450228093
clientes.pf_acoc_emp|2019-04-01|monto.cuota.inicial.diferida|mean|9965.02572002451
clientes.pf_acoc_emp|2019-04-01|monto.descuento.original|mean|2627.24154694628
clientes.pf_acoc_emp|2019-04-01|usuario.t.historico|mean|0
clientes.pf_acoc_emp|2019-04-01|valor.cuota|mean|11005.2535745898
clientes.pf_acoc_emp|2019-04-01|valor.opcion|mean|4202
clientes.pf_acoc_emp|2019-04-01|cobro.cuotas.aceleradas|median|0
clientes.pf_acoc_emp|2019-04-01|correlativo|median|308836
clientes.pf_acoc_emp|2019-04-01|cuotas|median|18
clientes.pf_acoc_emp|2019-04-01|cuotas.pagadas|median|11
clientes.pf_acoc_emp|2019-04-01|imei|median|355787074378727
clientes.pf_acoc_emp|2019-04-01|monto.cuota.inicial|median|0
clientes.pf_acoc_emp|2019-04-01|monto.cuota.inicial.diferida|median|9235
clientes.pf_acoc_emp|2019-04-01|monto.descuento.original|median|3361
clientes.pf_acoc_emp|2019-04-01|usuario.t.historico|median|0
clientes.pf_acoc_emp|2019-04-01|valor.cuota|median|9235
clientes.pf_acoc_emp|2019-04-01|valor.opcion|median|4202
clientes.pf_acoc_emp|2019-04-01|cobro.cuotas.aceleradas|max|0
clientes.pf_acoc_emp|2019-04-01|correlativo|max|608483
clientes.pf_acoc_emp|2019-04-01|cuotas|max|24
clientes.pf_acoc_emp|2019-04-01|cuotas.pagadas|max|24
clientes.pf_acoc_emp|2019-04-01|imei|max|996643301893858
clientes.pf_acoc_emp|2019-04-01|monto.cuota.inicial|max|1038555
clientes.pf_acoc_emp|2019-04-01|monto.cuota.inicial.diferida|max|352905
clientes.pf_acoc_emp|2019-04-01|monto.descuento.original|max|356266
clientes.pf_acoc_emp|2019-04-01|usuario.t.historico|max|0
clientes.pf_acoc_emp|2019-04-01|valor.cuota|max|17639
clientes.pf_acoc_emp|2019-04-01|valor.opcion|max|4202
clientes.pf_acoc_emp|2019-04-01|cobro.cuotas.aceleradas|min|0
clientes.pf_acoc_emp|2019-04-01|correlativo|min|1
clientes.pf_acoc_emp|2019-04-01|cuotas|min|18
clientes.pf_acoc_emp|2019-04-01|cuotas.pagadas|min|0
clientes.pf_acoc_emp|2019-04-01|imei|min|11892001457768
clientes.pf_acoc_emp|2019-04-01|monto.cuota.inicial|min|0
clientes.pf_acoc_emp|2019-04-01|monto.cuota.inicial.diferida|min|0
clientes.pf_acoc_emp|2019-04-01|monto.descuento.original|min|0
clientes.pf_acoc_emp|2019-04-01|usuario.t.historico|min|0
clientes.pf_acoc_emp|2019-04-01|valor.cuota|min|0
clientes.pf_acoc_emp|2019-04-01|valor.opcion|min|4202
clientes.pf_acoc_emp|2019-05-01|cobro.cuotas.aceleradas|mean|0
clientes.pf_acoc_emp|2019-05-01|correlativo|mean|263834.401678894
clientes.pf_acoc_emp|2019-05-01|cuotas|mean|18.0000930135218
clientes.pf_acoc_emp|2019-05-01|cuotas.pagadas|mean|10.4886775414976
clientes.pf_acoc_emp|2019-05-01|imei|mean|435321236490700
clientes.pf_acoc_emp|2019-05-01|monto.cuota.inicial|mean|68088.6334182082
clientes.pf_acoc_emp|2019-05-01|monto.cuota.inicial.diferida|mean|9445.92120204475
clientes.pf_acoc_emp|2019-05-01|monto.descuento.original|mean|2647.59167839025
clientes.pf_acoc_emp|2019-05-01|usuario.t.historico|mean|0
clientes.pf_acoc_emp|2019-05-01|valor.cuota|mean|10076.1525654292
clientes.pf_acoc_emp|2019-05-01|valor.opcion|mean|4202
clientes.pf_acoc_emp|2019-05-01|cobro.cuotas.aceleradas|median|0
clientes.pf_acoc_emp|2019-05-01|correlativo|median|266179
clientes.pf_acoc_emp|2019-05-01|cuotas|median|18
clientes.pf_acoc_emp|2019-05-01|cuotas.pagadas|median|11
clientes.pf_acoc_emp|2019-05-01|imei|median|355636082850886
clientes.pf_acoc_emp|2019-05-01|monto.cuota.inicial|median|0
clientes.pf_acoc_emp|2019-05-01|monto.cuota.inicial.diferida|median|9235
clientes.pf_acoc_emp|2019-05-01|monto.descuento.original|median|0
clientes.pf_acoc_emp|2019-05-01|usuario.t.historico|median|0
clientes.pf_acoc_emp|2019-05-01|valor.cuota|median|9235
clientes.pf_acoc_emp|2019-05-01|valor.opcion|median|4202
clientes.pf_acoc_emp|2019-05-01|cobro.cuotas.aceleradas|max|0
clientes.pf_acoc_emp|2019-05-01|correlativo|max|527504
clientes.pf_acoc_emp|2019-05-01|cuotas|max|24
clientes.pf_acoc_emp|2019-05-01|cuotas.pagadas|max|24
clientes.pf_acoc_emp|2019-05-01|imei|max|996643301893858
clientes.pf_acoc_emp|2019-05-01|monto.cuota.inicial|max|1038555
clientes.pf_acoc_emp|2019-05-01|monto.cuota.inicial.diferida|max|352905
clientes.pf_acoc_emp|2019-05-01|monto.descuento.original|max|356266
clientes.pf_acoc_emp|2019-05-01|usuario.t.historico|max|0
clientes.pf_acoc_emp|2019-05-01|valor.cuota|max|17639
clientes.pf_acoc_emp|2019-05-01|valor.opcion|max|4202
clientes.pf_acoc_emp|2019-05-01|cobro.cuotas.aceleradas|min|0
clientes.pf_acoc_emp|2019-05-01|correlativo|min|1
clientes.pf_acoc_emp|2019-05-01|cuotas|min|18
clientes.pf_acoc_emp|2019-05-01|cuotas.pagadas|min|0
clientes.pf_acoc_emp|2019-05-01|imei|min|11892001457768
clientes.pf_acoc_emp|2019-05-01|monto.cuota.inicial|min|0
clientes.pf_acoc_emp|2019-05-01|monto.cuota.inicial.diferida|min|0
clientes.pf_acoc_emp|2019-05-01|monto.descuento.original|min|0
clientes.pf_acoc_emp|2019-05-01|usuario.t.historico|min|0
clientes.pf_acoc_emp|2019-05-01|valor.cuota|min|0
clientes.pf_acoc_emp|2019-05-01|valor.opcion|min|4202
clientes.pf_acoc_emp|2019-06-01|cobro.cuotas.aceleradas|mean|0
clientes.pf_acoc_emp|2019-06-01|correlativo|mean|248858.854452592
clientes.pf_acoc_emp|2019-06-01|cuotas|mean|18.0000965942478
clientes.pf_acoc_emp|2019-06-01|cuotas.pagadas|mean|10.3609566050342
clientes.pf_acoc_emp|2019-06-01|imei|mean|436034576793255
clientes.pf_acoc_emp|2019-06-01|monto.cuota.inicial|mean|66784.6536009531
clientes.pf_acoc_emp|2019-06-01|monto.cuota.inicial.diferida|mean|9087.79644774654
clientes.pf_acoc_emp|2019-06-01|monto.descuento.original|mean|2641.21665284832
clientes.pf_acoc_emp|2019-06-01|usuario.t.historico|mean|0
clientes.pf_acoc_emp|2019-06-01|valor.cuota|mean|9621.38720206712
clientes.pf_acoc_emp|2019-06-01|valor.opcion|mean|4202
clientes.pf_acoc_emp|2019-06-01|cobro.cuotas.aceleradas|median|0
clientes.pf_acoc_emp|2019-06-01|correlativo|median|249692.5
clientes.pf_acoc_emp|2019-06-01|cuotas|median|18
clientes.pf_acoc_emp|2019-06-01|cuotas.pagadas|median|11
clientes.pf_acoc_emp|2019-06-01|imei|median|355784074496465
clientes.pf_acoc_emp|2019-06-01|monto.cuota.inicial|median|0
clientes.pf_acoc_emp|2019-06-01|monto.cuota.inicial.diferida|median|9235
clientes.pf_acoc_emp|2019-06-01|monto.descuento.original|median|0
clientes.pf_acoc_emp|2019-06-01|usuario.t.historico|median|0
clientes.pf_acoc_emp|2019-06-01|valor.cuota|median|9235
clientes.pf_acoc_emp|2019-06-01|valor.opcion|median|4202
clientes.pf_acoc_emp|2019-06-01|cobro.cuotas.aceleradas|max|0
clientes.pf_acoc_emp|2019-06-01|correlativo|max|501572
clientes.pf_acoc_emp|2019-06-01|cuotas|max|24
clientes.pf_acoc_emp|2019-06-01|cuotas.pagadas|max|24
clientes.pf_acoc_emp|2019-06-01|imei|max|996643301893858
clientes.pf_acoc_emp|2019-06-01|monto.cuota.inicial|max|1038555
clientes.pf_acoc_emp|2019-06-01|monto.cuota.inicial.diferida|max|352905
clientes.pf_acoc_emp|2019-06-01|monto.descuento.original|max|356266
clientes.pf_acoc_emp|2019-06-01|usuario.t.historico|max|0
clientes.pf_acoc_emp|2019-06-01|valor.cuota|max|17639
clientes.pf_acoc_emp|2019-06-01|valor.opcion|max|4202
clientes.pf_acoc_emp|2019-06-01|cobro.cuotas.aceleradas|min|0
clientes.pf_acoc_emp|2019-06-01|correlativo|min|1
clientes.pf_acoc_emp|2019-06-01|cuotas|min|18
clientes.pf_acoc_emp|2019-06-01|cuotas.pagadas|min|0
clientes.pf_acoc_emp|2019-06-01|imei|min|11892001457768
clientes.pf_acoc_emp|2019-06-01|monto.cuota.inicial|min|0
clientes.pf_acoc_emp|2019-06-01|monto.cuota.inicial.diferida|min|0
clientes.pf_acoc_emp|2019-06-01|monto.descuento.original|min|0
clientes.pf_acoc_emp|2019-06-01|usuario.t.historico|min|0
clientes.pf_acoc_emp|2019-06-01|valor.cuota|min|0
clientes.pf_acoc_emp|2019-06-01|valor.opcion|min|4202
clientes.pf_acoc_emp|2019-07-01|cobro.cuotas.aceleradas|mean|0
clientes.pf_acoc_emp|2019-07-01|correlativo|mean|235939.044897684
clientes.pf_acoc_emp|2019-07-01|cuotas|mean|18.0001012824895
clientes.pf_acoc_emp|2019-07-01|cuotas.pagadas|mean|10.2368617620621
clientes.pf_acoc_emp|2019-07-01|imei|mean|438941560903963
clientes.pf_acoc_emp|2019-07-01|monto.cuota.inicial|mean|66234.3133089411
clientes.pf_acoc_emp|2019-07-01|monto.cuota.inicial.diferida|mean|8948.78213714493
clientes.pf_acoc_emp|2019-07-01|monto.descuento.original|mean|2718.61711842877
clientes.pf_acoc_emp|2019-07-01|usuario.t.historico|mean|0
clientes.pf_acoc_emp|2019-07-01|valor.cuota|mean|9100.24673680479
clientes.pf_acoc_emp|2019-07-01|valor.opcion|mean|4202
clientes.pf_acoc_emp|2019-07-01|cobro.cuotas.aceleradas|median|0
clientes.pf_acoc_emp|2019-07-01|correlativo|median|236449
clientes.pf_acoc_emp|2019-07-01|cuotas|median|18
clientes.pf_acoc_emp|2019-07-01|cuotas.pagadas|median|11
clientes.pf_acoc_emp|2019-07-01|imei|median|355787074607287
clientes.pf_acoc_emp|2019-07-01|monto.cuota.inicial|median|0
clientes.pf_acoc_emp|2019-07-01|monto.cuota.inicial.diferida|median|9235
clientes.pf_acoc_emp|2019-07-01|monto.descuento.original|median|0
clientes.pf_acoc_emp|2019-07-01|usuario.t.historico|median|0
clientes.pf_acoc_emp|2019-07-01|valor.cuota|median|9235
clientes.pf_acoc_emp|2019-07-01|valor.opcion|median|4202
clientes.pf_acoc_emp|2019-07-01|cobro.cuotas.aceleradas|max|0
clientes.pf_acoc_emp|2019-07-01|correlativo|max|477883
clientes.pf_acoc_emp|2019-07-01|cuotas|max|24
clientes.pf_acoc_emp|2019-07-01|cuotas.pagadas|max|24
clientes.pf_acoc_emp|2019-07-01|imei|max|996643301893858
clientes.pf_acoc_emp|2019-07-01|monto.cuota.inicial|max|1038555
clientes.pf_acoc_emp|2019-07-01|monto.cuota.inicial.diferida|max|352905
clientes.pf_acoc_emp|2019-07-01|monto.descuento.original|max|356266
clientes.pf_acoc_emp|2019-07-01|usuario.t.historico|max|0
clientes.pf_acoc_emp|2019-07-01|valor.cuota|max|17639
clientes.pf_acoc_emp|2019-07-01|valor.opcion|max|4202
clientes.pf_acoc_emp|2019-07-01|cobro.cuotas.aceleradas|min|0
clientes.pf_acoc_emp|2019-07-01|correlativo|min|1
clientes.pf_acoc_emp|2019-07-01|cuotas|min|18
clientes.pf_acoc_emp|2019-07-01|cuotas.pagadas|min|0
clientes.pf_acoc_emp|2019-07-01|imei|min|11892001457768
clientes.pf_acoc_emp|2019-07-01|monto.cuota.inicial|min|0
clientes.pf_acoc_emp|2019-07-01|monto.cuota.inicial.diferida|min|0
clientes.pf_acoc_emp|2019-07-01|monto.descuento.original|min|0
clientes.pf_acoc_emp|2019-07-01|usuario.t.historico|min|0
clientes.pf_acoc_emp|2019-07-01|valor.cuota|min|0
clientes.pf_acoc_emp|2019-07-01|valor.opcion|min|4202
clientes.pf_acoc_emp|2019-08-01|cobro.cuotas.aceleradas|mean|0
clientes.pf_acoc_emp|2019-08-01|correlativo|mean|242676.439108983
clientes.pf_acoc_emp|2019-08-01|cuotas|mean|18.0000976991842
clientes.pf_acoc_emp|2019-08-01|cuotas.pagadas|mean|10.6770431341898
clientes.pf_acoc_emp|2019-08-01|imei|mean|439236188880837
clientes.pf_acoc_emp|2019-08-01|monto.cuota.inicial|mean|65271.6477211665
clientes.pf_acoc_emp|2019-08-01|monto.cuota.inicial.diferida|mean|8938.36382769121
clientes.pf_acoc_emp|2019-08-01|monto.descuento.original|mean|2633.16095533519
clientes.pf_acoc_emp|2019-08-01|usuario.t.historico|mean|0
clientes.pf_acoc_emp|2019-08-01|valor.cuota|mean|9074.14941461905
clientes.pf_acoc_emp|2019-08-01|valor.opcion|mean|4202
clientes.pf_acoc_emp|2019-08-01|cobro.cuotas.aceleradas|median|0
clientes.pf_acoc_emp|2019-08-01|correlativo|median|242595.5
clientes.pf_acoc_emp|2019-08-01|cuotas|median|18
clientes.pf_acoc_emp|2019-08-01|cuotas.pagadas|median|11
clientes.pf_acoc_emp|2019-08-01|imei|median|355860103780349
clientes.pf_acoc_emp|2019-08-01|monto.cuota.inicial|median|0
clientes.pf_acoc_emp|2019-08-01|monto.cuota.inicial.diferida|median|9235
clientes.pf_acoc_emp|2019-08-01|monto.descuento.original|median|0
clientes.pf_acoc_emp|2019-08-01|usuario.t.historico|median|0
clientes.pf_acoc_emp|2019-08-01|valor.cuota|median|9235
clientes.pf_acoc_emp|2019-08-01|valor.opcion|median|4202
clientes.pf_acoc_emp|2019-08-01|cobro.cuotas.aceleradas|max|0
clientes.pf_acoc_emp|2019-08-01|correlativo|max|494009
clientes.pf_acoc_emp|2019-08-01|cuotas|max|24
clientes.pf_acoc_emp|2019-08-01|cuotas.pagadas|max|24
clientes.pf_acoc_emp|2019-08-01|imei|max|996643301893858
clientes.pf_acoc_emp|2019-08-01|monto.cuota.inicial|max|1038555
clientes.pf_acoc_emp|2019-08-01|monto.cuota.inicial.diferida|max|352905
clientes.pf_acoc_emp|2019-08-01|monto.descuento.original|max|356266
clientes.pf_acoc_emp|2019-08-01|usuario.t.historico|max|0
clientes.pf_acoc_emp|2019-08-01|valor.cuota|max|17639
clientes.pf_acoc_emp|2019-08-01|valor.opcion|max|4202
clientes.pf_acoc_emp|2019-08-01|cobro.cuotas.aceleradas|min|0
clientes.pf_acoc_emp|2019-08-01|correlativo|min|1
clientes.pf_acoc_emp|2019-08-01|cuotas|min|18
clientes.pf_acoc_emp|2019-08-01|cuotas.pagadas|min|0
clientes.pf_acoc_emp|2019-08-01|imei|min|11892001457768
clientes.pf_acoc_emp|2019-08-01|monto.cuota.inicial|min|0
clientes.pf_acoc_emp|2019-08-01|monto.cuota.inicial.diferida|min|0
clientes.pf_acoc_emp|2019-08-01|monto.descuento.original|min|0
clientes.pf_acoc_emp|2019-08-01|usuario.t.historico|min|0
clientes.pf_acoc_emp|2019-08-01|valor.cuota|min|0
clientes.pf_acoc_emp|2019-08-01|valor.opcion|min|4202
clientes.pf_acoc_emp|2019-09-01|cobro.cuotas.aceleradas|mean|0
clientes.pf_acoc_emp|2019-09-01|correlativo|mean|225548.883069814
clientes.pf_acoc_emp|2019-09-01|cuotas|mean|18.0001072549002
clientes.pf_acoc_emp|2019-09-01|cuotas.pagadas|mean|10.3085589410366
clientes.pf_acoc_emp|2019-09-01|imei|mean|443270684104028
clientes.pf_acoc_emp|2019-09-01|monto.cuota.inicial|mean|64095.1715273992
clientes.pf_acoc_emp|2019-09-01|monto.cuota.inicial.diferida|mean|8523.12262363362
clientes.pf_acoc_emp|2019-09-01|monto.descuento.original|mean|2424.01269182986
clientes.pf_acoc_emp|2019-09-01|usuario.t.historico|mean|0
clientes.pf_acoc_emp|2019-09-01|valor.cuota|mean|8592.81026161258
clientes.pf_acoc_emp|2019-09-01|valor.opcion|mean|4202
clientes.pf_acoc_emp|2019-09-01|cobro.cuotas.aceleradas|median|0
clientes.pf_acoc_emp|2019-09-01|correlativo|median|224903.5
clientes.pf_acoc_emp|2019-09-01|cuotas|median|18
clientes.pf_acoc_emp|2019-09-01|cuotas.pagadas|median|11
clientes.pf_acoc_emp|2019-09-01|imei|median|356086099488636
clientes.pf_acoc_emp|2019-09-01|monto.cuota.inicial|median|0
clientes.pf_acoc_emp|2019-09-01|monto.cuota.inicial.diferida|median|9235
clientes.pf_acoc_emp|2019-09-01|monto.descuento.original|median|0
clientes.pf_acoc_emp|2019-09-01|usuario.t.historico|median|0
clientes.pf_acoc_emp|2019-09-01|valor.cuota|median|9235
clientes.pf_acoc_emp|2019-09-01|valor.opcion|median|4202
clientes.pf_acoc_emp|2019-09-01|cobro.cuotas.aceleradas|max|0
clientes.pf_acoc_emp|2019-09-01|correlativo|max|459085
clientes.pf_acoc_emp|2019-09-01|cuotas|max|24
clientes.pf_acoc_emp|2019-09-01|cuotas.pagadas|max|24
clientes.pf_acoc_emp|2019-09-01|imei|max|996643301893858
clientes.pf_acoc_emp|2019-09-01|monto.cuota.inicial|max|1038555
clientes.pf_acoc_emp|2019-09-01|monto.cuota.inicial.diferida|max|352905
clientes.pf_acoc_emp|2019-09-01|monto.descuento.original|max|356266
clientes.pf_acoc_emp|2019-09-01|usuario.t.historico|max|0
clientes.pf_acoc_emp|2019-09-01|valor.cuota|max|17639
clientes.pf_acoc_emp|2019-09-01|valor.opcion|max|4202
clientes.pf_acoc_emp|2019-09-01|cobro.cuotas.aceleradas|min|0
clientes.pf_acoc_emp|2019-09-01|correlativo|min|1
clientes.pf_acoc_emp|2019-09-01|cuotas|min|18
clientes.pf_acoc_emp|2019-09-01|cuotas.pagadas|min|0
clientes.pf_acoc_emp|2019-09-01|imei|min|11892001457768
clientes.pf_acoc_emp|2019-09-01|monto.cuota.inicial|min|0
clientes.pf_acoc_emp|2019-09-01|monto.cuota.inicial.diferida|min|0
clientes.pf_acoc_emp|2019-09-01|monto.descuento.original|min|0
clientes.pf_acoc_emp|2019-09-01|usuario.t.historico|min|0
clientes.pf_acoc_emp|2019-09-01|valor.cuota|min|0
clientes.pf_acoc_emp|2019-09-01|valor.opcion|min|4202
clientes.pf_acoc_emp|2019-10-01|cobro.cuotas.aceleradas|mean|0
clientes.pf_acoc_emp|2019-10-01|correlativo|mean|206421.929744624
clientes.pf_acoc_emp|2019-10-01|cuotas|mean|18.0001122738734
clientes.pf_acoc_emp|2019-10-01|cuotas.pagadas|mean|10.4342706642403
clientes.pf_acoc_emp|2019-10-01|imei|mean|444987588159632
clientes.pf_acoc_emp|2019-10-01|monto.cuota.inicial|mean|63333.2637874656
clientes.pf_acoc_emp|2019-10-01|monto.cuota.inicial.diferida|mean|8510.55143780729
clientes.pf_acoc_emp|2019-10-01|monto.descuento.original|mean|2495.02320794525
clientes.pf_acoc_emp|2019-10-01|usuario.t.historico|mean|0
clientes.pf_acoc_emp|2019-10-01|valor.cuota|mean|8584.83707189738
clientes.pf_acoc_emp|2019-10-01|valor.opcion|mean|4202
clientes.pf_acoc_emp|2019-10-01|cobro.cuotas.aceleradas|median|0
clientes.pf_acoc_emp|2019-10-01|correlativo|median|205200
clientes.pf_acoc_emp|2019-10-01|cuotas|median|18
clientes.pf_acoc_emp|2019-10-01|cuotas.pagadas|median|11
clientes.pf_acoc_emp|2019-10-01|imei|median|356137098156987
clientes.pf_acoc_emp|2019-10-01|monto.cuota.inicial|median|0
clientes.pf_acoc_emp|2019-10-01|monto.cuota.inicial.diferida|median|9235
clientes.pf_acoc_emp|2019-10-01|monto.descuento.original|median|0
clientes.pf_acoc_emp|2019-10-01|usuario.t.historico|median|0
clientes.pf_acoc_emp|2019-10-01|valor.cuota|median|9235
clientes.pf_acoc_emp|2019-10-01|valor.opcion|median|4202
clientes.pf_acoc_emp|2019-10-01|cobro.cuotas.aceleradas|max|0
clientes.pf_acoc_emp|2019-10-01|correlativo|max|423892
clientes.pf_acoc_emp|2019-10-01|cuotas|max|24
clientes.pf_acoc_emp|2019-10-01|cuotas.pagadas|max|24
clientes.pf_acoc_emp|2019-10-01|imei|max|996643301893858
clientes.pf_acoc_emp|2019-10-01|monto.cuota.inicial|max|1038555
clientes.pf_acoc_emp|2019-10-01|monto.cuota.inicial.diferida|max|352905
clientes.pf_acoc_emp|2019-10-01|monto.descuento.original|max|356266
clientes.pf_acoc_emp|2019-10-01|usuario.t.historico|max|0
clientes.pf_acoc_emp|2019-10-01|valor.cuota|max|17639
clientes.pf_acoc_emp|2019-10-01|valor.opcion|max|4202
clientes.pf_acoc_emp|2019-10-01|cobro.cuotas.aceleradas|min|0
clientes.pf_acoc_emp|2019-10-01|correlativo|min|1
clientes.pf_acoc_emp|2019-10-01|cuotas|min|18
clientes.pf_acoc_emp|2019-10-01|cuotas.pagadas|min|0
clientes.pf_acoc_emp|2019-10-01|imei|min|11892001457768
clientes.pf_acoc_emp|2019-10-01|monto.cuota.inicial|min|0
clientes.pf_acoc_emp|2019-10-01|monto.cuota.inicial.diferida|min|0
clientes.pf_acoc_emp|2019-10-01|monto.descuento.original|min|0
clientes.pf_acoc_emp|2019-10-01|usuario.t.historico|min|0
clientes.pf_acoc_emp|2019-10-01|valor.cuota|min|0
clientes.pf_acoc_emp|2019-10-01|valor.opcion|min|4202
clientes.pf_acoc_emp|2019-11-01|cobro.cuotas.aceleradas|mean|0
clientes.pf_acoc_emp|2019-11-01|correlativo|mean|209877.198191451
clientes.pf_acoc_emp|2019-11-01|cuotas|mean|18.000109609061
clientes.pf_acoc_emp|2019-11-01|cuotas.pagadas|mean|11.0086819510413
clientes.pf_acoc_emp|2019-11-01|imei|mean|444763527470976
clientes.pf_acoc_emp|2019-11-01|monto.cuota.inicial|mean|63592.7440719766
clientes.pf_acoc_emp|2019-11-01|monto.cuota.inicial.diferida|mean|8441.35597369383
clientes.pf_acoc_emp|2019-11-01|monto.descuento.original|mean|2539.92194464742
clientes.pf_acoc_emp|2019-11-01|usuario.t.historico|mean|0
clientes.pf_acoc_emp|2019-11-01|valor.cuota|mean|8585.91522195835
clientes.pf_acoc_emp|2019-11-01|valor.opcion|mean|4202
clientes.pf_acoc_emp|2019-11-01|cobro.cuotas.aceleradas|median|0
clientes.pf_acoc_emp|2019-11-01|correlativo|median|208001.5
clientes.pf_acoc_emp|2019-11-01|cuotas|median|18
clientes.pf_acoc_emp|2019-11-01|cuotas.pagadas|median|12
clientes.pf_acoc_emp|2019-11-01|imei|median|356139098809998
clientes.pf_acoc_emp|2019-11-01|monto.cuota.inicial|median|0
clientes.pf_acoc_emp|2019-11-01|monto.cuota.inicial.diferida|median|9235
clientes.pf_acoc_emp|2019-11-01|monto.descuento.original|median|0
clientes.pf_acoc_emp|2019-11-01|usuario.t.historico|median|0
clientes.pf_acoc_emp|2019-11-01|valor.cuota|median|9235
clientes.pf_acoc_emp|2019-11-01|valor.opcion|median|4202
clientes.pf_acoc_emp|2019-11-01|cobro.cuotas.aceleradas|max|0
clientes.pf_acoc_emp|2019-11-01|correlativo|max|432049
clientes.pf_acoc_emp|2019-11-01|cuotas|max|24
clientes.pf_acoc_emp|2019-11-01|cuotas.pagadas|max|24
clientes.pf_acoc_emp|2019-11-01|imei|max|996643301893858
clientes.pf_acoc_emp|2019-11-01|monto.cuota.inicial|max|1054588
clientes.pf_acoc_emp|2019-11-01|monto.cuota.inicial.diferida|max|352905
clientes.pf_acoc_emp|2019-11-01|monto.descuento.original|max|356266
clientes.pf_acoc_emp|2019-11-01|usuario.t.historico|max|0
clientes.pf_acoc_emp|2019-11-01|valor.cuota|max|17639
clientes.pf_acoc_emp|2019-11-01|valor.opcion|max|4202
clientes.pf_acoc_emp|2019-11-01|cobro.cuotas.aceleradas|min|0
clientes.pf_acoc_emp|2019-11-01|correlativo|min|1
clientes.pf_acoc_emp|2019-11-01|cuotas|min|18
clientes.pf_acoc_emp|2019-11-01|cuotas.pagadas|min|0
clientes.pf_acoc_emp|2019-11-01|imei|min|11892001457768
clientes.pf_acoc_emp|2019-11-01|monto.cuota.inicial|min|0
clientes.pf_acoc_emp|2019-11-01|monto.cuota.inicial.diferida|min|0
clientes.pf_acoc_emp|2019-11-01|monto.descuento.original|min|0
clientes.pf_acoc_emp|2019-11-01|usuario.t.historico|min|0
clientes.pf_acoc_emp|2019-11-01|valor.cuota|min|0
clientes.pf_acoc_emp|2019-11-01|valor.opcion|min|4202
clientes.pf_acoc_emp|2019-12-01|cobro.cuotas.aceleradas|mean|0
clientes.pf_acoc_emp|2019-12-01|correlativo|mean|198830.947327565
clientes.pf_acoc_emp|2019-12-01|cuotas|mean|18.0001135997879
clientes.pf_acoc_emp|2019-12-01|cuotas.pagadas|mean|10.9282522672624
clientes.pf_acoc_emp|2019-12-01|imei|mean|448542390139232
clientes.pf_acoc_emp|2019-12-01|monto.cuota.inicial|mean|64290.2712336937
clientes.pf_acoc_emp|2019-12-01|monto.cuota.inicial.diferida|mean|8230.13847340818
clientes.pf_acoc_emp|2019-12-01|monto.descuento.original|mean|2615.51814756613
clientes.pf_acoc_emp|2019-12-01|usuario.t.historico|mean|0
clientes.pf_acoc_emp|2019-12-01|valor.cuota|mean|8569.5077863188
clientes.pf_acoc_emp|2019-12-01|valor.opcion|mean|4202
clientes.pf_acoc_emp|2019-12-01|cobro.cuotas.aceleradas|median|0
clientes.pf_acoc_emp|2019-12-01|correlativo|median|196897.5
clientes.pf_acoc_emp|2019-12-01|cuotas|median|18
clientes.pf_acoc_emp|2019-12-01|cuotas.pagadas|median|12
clientes.pf_acoc_emp|2019-12-01|imei|median|356571084808864
clientes.pf_acoc_emp|2019-12-01|monto.cuota.inicial|median|0
clientes.pf_acoc_emp|2019-12-01|monto.cuota.inicial.diferida|median|9235
clientes.pf_acoc_emp|2019-12-01|monto.descuento.original|median|0
clientes.pf_acoc_emp|2019-12-01|usuario.t.historico|median|0
clientes.pf_acoc_emp|2019-12-01|valor.cuota|median|9235
clientes.pf_acoc_emp|2019-12-01|valor.opcion|median|4202
clientes.pf_acoc_emp|2019-12-01|cobro.cuotas.aceleradas|max|0
clientes.pf_acoc_emp|2019-12-01|correlativo|max|411313
clientes.pf_acoc_emp|2019-12-01|cuotas|max|24
clientes.pf_acoc_emp|2019-12-01|cuotas.pagadas|max|24
clientes.pf_acoc_emp|2019-12-01|imei|max|996643301893858
clientes.pf_acoc_emp|2019-12-01|monto.cuota.inicial|max|1054588
clientes.pf_acoc_emp|2019-12-01|monto.cuota.inicial.diferida|max|352905
clientes.pf_acoc_emp|2019-12-01|monto.descuento.original|max|356266
clientes.pf_acoc_emp|2019-12-01|usuario.t.historico|max|0
clientes.pf_acoc_emp|2019-12-01|valor.cuota|max|17639
clientes.pf_acoc_emp|2019-12-01|valor.opcion|max|4202
clientes.pf_acoc_emp|2019-12-01|cobro.cuotas.aceleradas|min|0
clientes.pf_acoc_emp|2019-12-01|correlativo|min|1
clientes.pf_acoc_emp|2019-12-01|cuotas|min|18
clientes.pf_acoc_emp|2019-12-01|cuotas.pagadas|min|0
clientes.pf_acoc_emp|2019-12-01|imei|min|11892001457768
clientes.pf_acoc_emp|2019-12-01|monto.cuota.inicial|min|0
clientes.pf_acoc_emp|2019-12-01|monto.cuota.inicial.diferida|min|0
clientes.pf_acoc_emp|2019-12-01|monto.descuento.original|min|0
clientes.pf_acoc_emp|2019-12-01|usuario.t.historico|min|0
clientes.pf_acoc_emp|2019-12-01|valor.cuota|min|0
clientes.pf_acoc_emp|2019-12-01|valor.opcion|min|4202
clientes.pf_acoc_emp|2020-01-01|cobro.cuotas.aceleradas|mean|0
clientes.pf_acoc_emp|2020-01-01|correlativo|mean|187852.156314561
clientes.pf_acoc_emp|2020-01-01|cuotas|mean|18.0001194760973
clientes.pf_acoc_emp|2020-01-01|cuotas.pagadas|mean|10.8746546394062
clientes.pf_acoc_emp|2020-01-01|imei|mean|451399655432777
clientes.pf_acoc_emp|2020-01-01|monto.cuota.inicial|mean|65360.4636717992
clientes.pf_acoc_emp|2020-01-01|monto.cuota.inicial.diferida|mean|8012.42516067046
clientes.pf_acoc_emp|2020-01-01|monto.descuento.original|mean|2699.02971967921
clientes.pf_acoc_emp|2020-01-01|usuario.t.historico|mean|0
clientes.pf_acoc_emp|2020-01-01|valor.cuota|mean|8558.2940804572
clientes.pf_acoc_emp|2020-01-01|valor.opcion|mean|4202
clientes.pf_acoc_emp|2020-01-01|cobro.cuotas.aceleradas|median|0
clientes.pf_acoc_emp|2020-01-01|correlativo|median|185877
clientes.pf_acoc_emp|2020-01-01|cuotas|median|18
clientes.pf_acoc_emp|2020-01-01|cuotas.pagadas|median|11
clientes.pf_acoc_emp|2020-01-01|imei|median|356970091221394
clientes.pf_acoc_emp|2020-01-01|monto.cuota.inicial|median|0
clientes.pf_acoc_emp|2020-01-01|monto.cuota.inicial.diferida|median|9235
clientes.pf_acoc_emp|2020-01-01|monto.descuento.original|median|0
clientes.pf_acoc_emp|2020-01-01|usuario.t.historico|median|0
clientes.pf_acoc_emp|2020-01-01|valor.cuota|median|9235
clientes.pf_acoc_emp|2020-01-01|valor.opcion|median|4202
clientes.pf_acoc_emp|2020-01-01|cobro.cuotas.aceleradas|max|0
clientes.pf_acoc_emp|2020-01-01|correlativo|max|389054
clientes.pf_acoc_emp|2020-01-01|cuotas|max|24
clientes.pf_acoc_emp|2020-01-01|cuotas.pagadas|max|24
clientes.pf_acoc_emp|2020-01-01|imei|max|996643301893858
clientes.pf_acoc_emp|2020-01-01|monto.cuota.inicial|max|1054588
clientes.pf_acoc_emp|2020-01-01|monto.cuota.inicial.diferida|max|352905
clientes.pf_acoc_emp|2020-01-01|monto.descuento.original|max|356266
clientes.pf_acoc_emp|2020-01-01|usuario.t.historico|max|0
clientes.pf_acoc_emp|2020-01-01|valor.cuota|max|17639
clientes.pf_acoc_emp|2020-01-01|valor.opcion|max|4202
clientes.pf_acoc_emp|2020-01-01|cobro.cuotas.aceleradas|min|0
clientes.pf_acoc_emp|2020-01-01|correlativo|min|1
clientes.pf_acoc_emp|2020-01-01|cuotas|min|18
clientes.pf_acoc_emp|2020-01-01|cuotas.pagadas|min|0
clientes.pf_acoc_emp|2020-01-01|imei|min|11892001457768
clientes.pf_acoc_emp|2020-01-01|monto.cuota.inicial|min|0
clientes.pf_acoc_emp|2020-01-01|monto.cuota.inicial.diferida|min|0
clientes.pf_acoc_emp|2020-01-01|monto.descuento.original|min|0
clientes.pf_acoc_emp|2020-01-01|usuario.t.historico|min|0
clientes.pf_acoc_emp|2020-01-01|valor.cuota|min|0
clientes.pf_acoc_emp|2020-01-01|valor.opcion|min|4202
clientes.pf_actividad_vas_multimedia|2019-03-01|cod.plan|mean|2052.0192421174
clientes.pf_actividad_vas_multimedia|2019-03-01|descr.movil|mean|56966785913.5559
clientes.pf_actividad_vas_multimedia|2019-03-01|mes|mean|201903
clientes.pf_actividad_vas_multimedia|2019-03-01|movil|mean|109795398.53177
clientes.pf_actividad_vas_multimedia|2019-03-01|cod.plan|median|2053
clientes.pf_actividad_vas_multimedia|2019-03-01|descr.movil|median|56968981726
clientes.pf_actividad_vas_multimedia|2019-03-01|mes|median|201903
clientes.pf_actividad_vas_multimedia|2019-03-01|movil|median|68991268
clientes.pf_actividad_vas_multimedia|2019-03-01|cod.plan|max|2203
clientes.pf_actividad_vas_multimedia|2019-03-01|descr.movil|max|56999999967
clientes.pf_actividad_vas_multimedia|2019-03-01|mes|max|201903
clientes.pf_actividad_vas_multimedia|2019-03-01|movil|max|56752558755
clientes.pf_actividad_vas_multimedia|2019-03-01|cod.plan|min|1130
clientes.pf_actividad_vas_multimedia|2019-03-01|descr.movil|min|56222010533
clientes.pf_actividad_vas_multimedia|2019-03-01|mes|min|201903
clientes.pf_actividad_vas_multimedia|2019-03-01|movil|min|30001400
clientes.pf_actividad_vas_multimedia|2019-04-01|cod.plan|mean|2061.04510248028
clientes.pf_actividad_vas_multimedia|2019-04-01|descr.movil|mean|56966578176.7101
clientes.pf_actividad_vas_multimedia|2019-04-01|mes|mean|201904
clientes.pf_actividad_vas_multimedia|2019-04-01|movil|mean|111284412.826949
clientes.pf_actividad_vas_multimedia|2019-04-01|cod.plan|median|2054
clientes.pf_actividad_vas_multimedia|2019-04-01|descr.movil|median|56968471518.5
clientes.pf_actividad_vas_multimedia|2019-04-01|mes|median|201904
clientes.pf_actividad_vas_multimedia|2019-04-01|movil|median|68489236
clientes.pf_actividad_vas_multimedia|2019-04-01|cod.plan|max|2203
clientes.pf_actividad_vas_multimedia|2019-04-01|descr.movil|max|56999999967
clientes.pf_actividad_vas_multimedia|2019-04-01|mes|max|201904
clientes.pf_actividad_vas_multimedia|2019-04-01|movil|max|56752558755
clientes.pf_actividad_vas_multimedia|2019-04-01|cod.plan|min|1130
clientes.pf_actividad_vas_multimedia|2019-04-01|descr.movil|min|56222010533
clientes.pf_actividad_vas_multimedia|2019-04-01|mes|min|201904
clientes.pf_actividad_vas_multimedia|2019-04-01|movil|min|30001400
clientes.pf_actividad_vas_multimedia|2019-05-01|cod.plan|mean|2070.7679214673
clientes.pf_actividad_vas_multimedia|2019-05-01|descr.movil|mean|56966608624.6495
clientes.pf_actividad_vas_multimedia|2019-05-01|mes|mean|201905
clientes.pf_actividad_vas_multimedia|2019-05-01|movil|mean|110850641.297538
clientes.pf_actividad_vas_multimedia|2019-05-01|cod.plan|median|2055
clientes.pf_actividad_vas_multimedia|2019-05-01|descr.movil|median|56968495171
clientes.pf_actividad_vas_multimedia|2019-05-01|mes|median|201905
clientes.pf_actividad_vas_multimedia|2019-05-01|movil|median|68782814
clientes.pf_actividad_vas_multimedia|2019-05-01|cod.plan|max|2203
clientes.pf_actividad_vas_multimedia|2019-05-01|descr.movil|max|56999999967
clientes.pf_actividad_vas_multimedia|2019-05-01|mes|max|201905
clientes.pf_actividad_vas_multimedia|2019-05-01|movil|max|56752558755
clientes.pf_actividad_vas_multimedia|2019-05-01|cod.plan|min|1130
clientes.pf_actividad_vas_multimedia|2019-05-01|descr.movil|min|56110019982
clientes.pf_actividad_vas_multimedia|2019-05-01|mes|min|201905
clientes.pf_actividad_vas_multimedia|2019-05-01|movil|min|30007417
clientes.pf_actividad_vas_multimedia|2019-06-01|cod.plan|mean|2078.51566862448
clientes.pf_actividad_vas_multimedia|2019-06-01|descr.movil|mean|56966494943.5099
clientes.pf_actividad_vas_multimedia|2019-06-01|mes|mean|201906
clientes.pf_actividad_vas_multimedia|2019-06-01|movil|mean|111794601.506276
clientes.pf_actividad_vas_multimedia|2019-06-01|cod.plan|median|2110
clientes.pf_actividad_vas_multimedia|2019-06-01|descr.movil|median|56968464462
clientes.pf_actividad_vas_multimedia|2019-06-01|mes|median|201906
clientes.pf_actividad_vas_multimedia|2019-06-01|movil|median|68482672.5
clientes.pf_actividad_vas_multimedia|2019-06-01|cod.plan|max|2233
clientes.pf_actividad_vas_multimedia|2019-06-01|descr.movil|max|56999999967
clientes.pf_actividad_vas_multimedia|2019-06-01|mes|max|201906
clientes.pf_actividad_vas_multimedia|2019-06-01|movil|max|56752558755
clientes.pf_actividad_vas_multimedia|2019-06-01|cod.plan|min|1130
clientes.pf_actividad_vas_multimedia|2019-06-01|descr.movil|min|56222010533
clientes.pf_actividad_vas_multimedia|2019-06-01|mes|min|201906
clientes.pf_actividad_vas_multimedia|2019-06-01|movil|min|30007417
clientes.pf_actividad_vas_multimedia|2019-07-01|cod.plan|mean|2083.65528163308
clientes.pf_actividad_vas_multimedia|2019-07-01|descr.movil|mean|56966541697.1842
clientes.pf_actividad_vas_multimedia|2019-07-01|mes|mean|201907
clientes.pf_actividad_vas_multimedia|2019-07-01|movil|mean|112850320.340117
clientes.pf_actividad_vas_multimedia|2019-07-01|cod.plan|median|2111
clientes.pf_actividad_vas_multimedia|2019-07-01|descr.movil|median|56968546246.5
clientes.pf_actividad_vas_multimedia|2019-07-01|mes|median|201907
clientes.pf_actividad_vas_multimedia|2019-07-01|movil|median|68786461.5
clientes.pf_actividad_vas_multimedia|2019-07-01|cod.plan|max|2233
clientes.pf_actividad_vas_multimedia|2019-07-01|descr.movil|max|56999999967
clientes.pf_actividad_vas_multimedia|2019-07-01|mes|max|201907
clientes.pf_actividad_vas_multimedia|2019-07-01|movil|max|56752558755
clientes.pf_actividad_vas_multimedia|2019-07-01|cod.plan|min|739
clientes.pf_actividad_vas_multimedia|2019-07-01|descr.movil|min|56222010533
clientes.pf_actividad_vas_multimedia|2019-07-01|mes|min|201907
clientes.pf_actividad_vas_multimedia|2019-07-01|movil|min|30007417
clientes.pf_actividad_vas_multimedia|2019-08-01|cod.plan|mean|2094.49550885346
clientes.pf_actividad_vas_multimedia|2019-08-01|descr.movil|mean|56966068121.8703
clientes.pf_actividad_vas_multimedia|2019-08-01|mes|mean|201908
clientes.pf_actividad_vas_multimedia|2019-08-01|movil|mean|113512164.450906
clientes.pf_actividad_vas_multimedia|2019-08-01|cod.plan|median|2116
clientes.pf_actividad_vas_multimedia|2019-08-01|descr.movil|median|56968318730.5
clientes.pf_actividad_vas_multimedia|2019-08-01|mes|median|201908
clientes.pf_actividad_vas_multimedia|2019-08-01|movil|median|68342938
clientes.pf_actividad_vas_multimedia|2019-08-01|cod.plan|max|2247
clientes.pf_actividad_vas_multimedia|2019-08-01|descr.movil|max|56999999967
clientes.pf_actividad_vas_multimedia|2019-08-01|mes|max|201908
clientes.pf_actividad_vas_multimedia|2019-08-01|movil|max|56752558755
clientes.pf_actividad_vas_multimedia|2019-08-01|cod.plan|min|1130
clientes.pf_actividad_vas_multimedia|2019-08-01|descr.movil|min|56222010533
clientes.pf_actividad_vas_multimedia|2019-08-01|mes|min|201908
clientes.pf_actividad_vas_multimedia|2019-08-01|movil|min|30007417
clientes.pf_actividad_vas_multimedia|2019-09-01|cod.plan|mean|2101.22350862919
clientes.pf_actividad_vas_multimedia|2019-09-01|descr.movil|mean|56966102082.9735
clientes.pf_actividad_vas_multimedia|2019-09-01|mes|mean|201909
clientes.pf_actividad_vas_multimedia|2019-09-01|movil|mean|113787588.844131
clientes.pf_actividad_vas_multimedia|2019-09-01|cod.plan|median|2118
clientes.pf_actividad_vas_multimedia|2019-09-01|descr.movil|median|56968316398
clientes.pf_actividad_vas_multimedia|2019-09-01|mes|median|201909
clientes.pf_actividad_vas_multimedia|2019-09-01|movil|median|68339858
clientes.pf_actividad_vas_multimedia|2019-09-01|cod.plan|max|2247
clientes.pf_actividad_vas_multimedia|2019-09-01|descr.movil|max|56999999967
clientes.pf_actividad_vas_multimedia|2019-09-01|mes|max|201909
clientes.pf_actividad_vas_multimedia|2019-09-01|movil|max|56752520983
clientes.pf_actividad_vas_multimedia|2019-09-01|cod.plan|min|1130
clientes.pf_actividad_vas_multimedia|2019-09-01|descr.movil|min|56222010533
clientes.pf_actividad_vas_multimedia|2019-09-01|mes|min|201909
clientes.pf_actividad_vas_multimedia|2019-09-01|movil|min|30007417
clientes.pf_actividad_vas_multimedia|2019-10-01|cod.plan|mean|2109.55796573181
clientes.pf_actividad_vas_multimedia|2019-10-01|descr.movil|mean|56965273371.3054
clientes.pf_actividad_vas_multimedia|2019-10-01|mes|mean|201910
clientes.pf_actividad_vas_multimedia|2019-10-01|movil|mean|115846414.585531
clientes.pf_actividad_vas_multimedia|2019-10-01|cod.plan|median|2118
clientes.pf_actividad_vas_multimedia|2019-10-01|descr.movil|median|56966682304
clientes.pf_actividad_vas_multimedia|2019-10-01|mes|median|201910
clientes.pf_actividad_vas_multimedia|2019-10-01|movil|median|66692523
clientes.pf_actividad_vas_multimedia|2019-10-01|cod.plan|max|2247
clientes.pf_actividad_vas_multimedia|2019-10-01|descr.movil|max|56999999967
clientes.pf_actividad_vas_multimedia|2019-10-01|mes|max|201910
clientes.pf_actividad_vas_multimedia|2019-10-01|movil|max|56752520983
clientes.pf_actividad_vas_multimedia|2019-10-01|cod.plan|min|1130
clientes.pf_actividad_vas_multimedia|2019-10-01|descr.movil|min|56222010533
clientes.pf_actividad_vas_multimedia|2019-10-01|mes|min|201910
clientes.pf_actividad_vas_multimedia|2019-10-01|movil|min|30007417
clientes.pf_actividad_vas_multimedia|2019-11-01|cod.plan|mean|2116.25582610546
clientes.pf_actividad_vas_multimedia|2019-11-01|descr.movil|mean|56965673279.3768
clientes.pf_actividad_vas_multimedia|2019-11-01|mes|mean|201911
clientes.pf_actividad_vas_multimedia|2019-11-01|movil|mean|113628493.084026
clientes.pf_actividad_vas_multimedia|2019-11-01|cod.plan|median|2119
clientes.pf_actividad_vas_multimedia|2019-11-01|descr.movil|median|56966898872
clientes.pf_actividad_vas_multimedia|2019-11-01|mes|median|201911
clientes.pf_actividad_vas_multimedia|2019-11-01|movil|median|66997524
clientes.pf_actividad_vas_multimedia|2019-11-01|cod.plan|max|2247
clientes.pf_actividad_vas_multimedia|2019-11-01|descr.movil|max|56999999967
clientes.pf_actividad_vas_multimedia|2019-11-01|mes|max|201911
clientes.pf_actividad_vas_multimedia|2019-11-01|movil|max|56752520983
clientes.pf_actividad_vas_multimedia|2019-11-01|cod.plan|min|1130
clientes.pf_actividad_vas_multimedia|2019-11-01|descr.movil|min|56222010533
clientes.pf_actividad_vas_multimedia|2019-11-01|mes|min|201911
clientes.pf_actividad_vas_multimedia|2019-11-01|movil|min|30007417
clientes.pf_actividad_vas_multimedia|2019-12-01|cod.plan|mean|2121.5829261326
clientes.pf_actividad_vas_multimedia|2019-12-01|descr.movil|mean|56965662000.4559
clientes.pf_actividad_vas_multimedia|2019-12-01|mes|mean|201912
clientes.pf_actividad_vas_multimedia|2019-12-01|movil|mean|112676038.074152
clientes.pf_actividad_vas_multimedia|2019-12-01|cod.plan|median|2120
clientes.pf_actividad_vas_multimedia|2019-12-01|descr.movil|median|56966869157
clientes.pf_actividad_vas_multimedia|2019-12-01|mes|median|201912
clientes.pf_actividad_vas_multimedia|2019-12-01|movil|median|66882078
clientes.pf_actividad_vas_multimedia|2019-12-01|cod.plan|max|2247
clientes.pf_actividad_vas_multimedia|2019-12-01|descr.movil|max|56999999967
clientes.pf_actividad_vas_multimedia|2019-12-01|mes|max|201912
clientes.pf_actividad_vas_multimedia|2019-12-01|movil|max|56752520983
clientes.pf_actividad_vas_multimedia|2019-12-01|cod.plan|min|1130
clientes.pf_actividad_vas_multimedia|2019-12-01|descr.movil|min|56222010533
clientes.pf_actividad_vas_multimedia|2019-12-01|mes|min|201912
clientes.pf_actividad_vas_multimedia|2019-12-01|movil|min|30007417
clientes.pf_actividad_vas_multimedia|2020-01-01|cod.plan|mean|2126.53810766281
clientes.pf_actividad_vas_multimedia|2020-01-01|descr.movil|mean|56965492308.9929
clientes.pf_actividad_vas_multimedia|2020-01-01|mes|mean|202001
clientes.pf_actividad_vas_multimedia|2020-01-01|movil|mean|121715336.50638
clientes.pf_actividad_vas_multimedia|2020-01-01|cod.plan|median|2120
clientes.pf_actividad_vas_multimedia|2020-01-01|descr.movil|median|56966843707
clientes.pf_actividad_vas_multimedia|2020-01-01|mes|median|202001
clientes.pf_actividad_vas_multimedia|2020-01-01|movil|median|66882315
clientes.pf_actividad_vas_multimedia|2020-01-01|cod.plan|max|2247
clientes.pf_actividad_vas_multimedia|2020-01-01|descr.movil|max|56999999967
clientes.pf_actividad_vas_multimedia|2020-01-01|mes|max|202001
clientes.pf_actividad_vas_multimedia|2020-01-01|movil|max|56752520983
clientes.pf_actividad_vas_multimedia|2020-01-01|cod.plan|min|1215
clientes.pf_actividad_vas_multimedia|2020-01-01|descr.movil|min|56222010533
clientes.pf_actividad_vas_multimedia|2020-01-01|mes|min|202001
clientes.pf_actividad_vas_multimedia|2020-01-01|movil|min|20002783
clientes.pf_actividad_vas_multimedia|2020-02-01|cod.plan|mean|2129.42405395087
clientes.pf_actividad_vas_multimedia|2020-02-01|descr.movil|mean|56965590189.829
clientes.pf_actividad_vas_multimedia|2020-02-01|mes|mean|202002
clientes.pf_actividad_vas_multimedia|2020-02-01|movil|mean|123348521.706063
clientes.pf_actividad_vas_multimedia|2020-02-01|cod.plan|median|2120
clientes.pf_actividad_vas_multimedia|2020-02-01|descr.movil|median|56966876006
clientes.pf_actividad_vas_multimedia|2020-02-01|mes|median|202002
clientes.pf_actividad_vas_multimedia|2020-02-01|movil|median|66889963
clientes.pf_actividad_vas_multimedia|2020-02-01|cod.plan|max|2247
clientes.pf_actividad_vas_multimedia|2020-02-01|descr.movil|max|56999999967
clientes.pf_actividad_vas_multimedia|2020-02-01|mes|max|202002
clientes.pf_actividad_vas_multimedia|2020-02-01|movil|max|56752520983
clientes.pf_actividad_vas_multimedia|2020-02-01|cod.plan|min|1215
clientes.pf_actividad_vas_multimedia|2020-02-01|descr.movil|min|56222010533
clientes.pf_actividad_vas_multimedia|2020-02-01|mes|min|202002
clientes.pf_actividad_vas_multimedia|2020-02-01|movil|min|20001111
clientes.pf_fact_act_movil|2016-01-01|cargo.fijo|mean|18205.6226253394
clientes.pf_fact_act_movil|2016-01-01|descr.movil|mean|56969378363.418
clientes.pf_fact_act_movil|2016-01-01|monto.facturado|mean|9015.947292213
clientes.pf_fact_act_movil|2016-01-01|cargo.fijo|median|9990
clientes.pf_fact_act_movil|2016-01-01|descr.movil|median|56971087039
clientes.pf_fact_act_movil|2016-01-01|monto.facturado|median|2856
clientes.pf_fact_act_movil|2016-01-01|cargo.fijo|max|80650
clientes.pf_fact_act_movil|2016-01-01|descr.movil|max|56999999967
clientes.pf_fact_act_movil|2016-01-01|monto.facturado|max|5427048
clientes.pf_fact_act_movil|2016-01-01|cargo.fijo|min|0
clientes.pf_fact_act_movil|2016-01-01|descr.movil|min|56222094177
clientes.pf_fact_act_movil|2016-01-01|monto.facturado|min|-3231429
clientes.pf_fact_act_movil|2016-08-01|cargo.fijo|mean|19010.1820420738
clientes.pf_fact_act_movil|2016-08-01|descr.movil|mean|56970725602.5477
clientes.pf_fact_act_movil|2016-08-01|monto.facturado|mean|6349.60500613764
clientes.pf_fact_act_movil|2016-08-01|cargo.fijo|median|11900
clientes.pf_fact_act_movil|2016-08-01|descr.movil|median|56973999049.5
clientes.pf_fact_act_movil|2016-08-01|monto.facturado|median|2176
clientes.pf_fact_act_movil|2016-08-01|cargo.fijo|max|83150
clientes.pf_fact_act_movil|2016-08-01|descr.movil|max|56999999979
clientes.pf_fact_act_movil|2016-08-01|monto.facturado|max|14013295
clientes.pf_fact_act_movil|2016-08-01|cargo.fijo|min|0
clientes.pf_fact_act_movil|2016-08-01|descr.movil|min|56930011677
clientes.pf_fact_act_movil|2016-08-01|monto.facturado|min|-3060272
clientes.pf_fact_act_movil|2016-09-01|cargo.fijo|mean|19230.0547409383
clientes.pf_fact_act_movil|2016-09-01|descr.movil|mean|56970528312.5392
clientes.pf_fact_act_movil|2016-09-01|monto.facturado|mean|6422.26917413943
clientes.pf_fact_act_movil|2016-09-01|cargo.fijo|median|13990
clientes.pf_fact_act_movil|2016-09-01|descr.movil|median|56973977804
clientes.pf_fact_act_movil|2016-09-01|monto.facturado|median|2176
clientes.pf_fact_act_movil|2016-09-01|cargo.fijo|max|80650
clientes.pf_fact_act_movil|2016-09-01|descr.movil|max|56999999979
clientes.pf_fact_act_movil|2016-09-01|monto.facturado|max|12651655
clientes.pf_fact_act_movil|2016-09-01|cargo.fijo|min|0
clientes.pf_fact_act_movil|2016-09-01|descr.movil|min|56222455263
clientes.pf_fact_act_movil|2016-09-01|monto.facturado|min|-12207116
clientes.pf_fact_act_movil|2016-10-01|cargo.fijo|mean|19458.9431809101
clientes.pf_fact_act_movil|2016-10-01|descr.movil|mean|56970359921.2398
clientes.pf_fact_act_movil|2016-10-01|monto.facturado|mean|6418.86173115209
clientes.pf_fact_act_movil|2016-10-01|cargo.fijo|median|13990
clientes.pf_fact_act_movil|2016-10-01|descr.movil|median|56973883756
clientes.pf_fact_act_movil|2016-10-01|monto.facturado|median|2176
clientes.pf_fact_act_movil|2016-10-01|cargo.fijo|max|80650
clientes.pf_fact_act_movil|2016-10-01|descr.movil|max|56999999979
clientes.pf_fact_act_movil|2016-10-01|monto.facturado|max|23273570
clientes.pf_fact_act_movil|2016-10-01|cargo.fijo|min|0
clientes.pf_fact_act_movil|2016-10-01|descr.movil|min|56222232297
clientes.pf_fact_act_movil|2016-10-01|monto.facturado|min|-22925224
clientes.pf_fact_act_movil|2016-11-01|cargo.fijo|mean|19674.2828167877
clientes.pf_fact_act_movil|2016-11-01|descr.movil|mean|56970169086.7511
clientes.pf_fact_act_movil|2016-11-01|monto.facturado|mean|6286.29936797202
clientes.pf_fact_act_movil|2016-11-01|cargo.fijo|median|13990
clientes.pf_fact_act_movil|2016-11-01|descr.movil|median|56973861342
clientes.pf_fact_act_movil|2016-11-01|monto.facturado|median|2176
clientes.pf_fact_act_movil|2016-11-01|cargo.fijo|max|80650
clientes.pf_fact_act_movil|2016-11-01|descr.movil|max|56999999967
clientes.pf_fact_act_movil|2016-11-01|monto.facturado|max|12381540
clientes.pf_fact_act_movil|2016-11-01|cargo.fijo|min|0
clientes.pf_fact_act_movil|2016-11-01|descr.movil|min|56222094177
clientes.pf_fact_act_movil|2016-11-01|monto.facturado|min|-12207666
clientes.pf_fact_act_movil|2016-12-01|cargo.fijo|mean|19516.5058521835
clientes.pf_fact_act_movil|2016-12-01|descr.movil|mean|56969908048.3007
clientes.pf_fact_act_movil|2016-12-01|monto.facturado|mean|6224.60444354323
clientes.pf_fact_act_movil|2016-12-01|cargo.fijo|median|13990
clientes.pf_fact_act_movil|2016-12-01|descr.movil|median|56973710934.5
clientes.pf_fact_act_movil|2016-12-01|monto.facturado|median|2176
clientes.pf_fact_act_movil|2016-12-01|cargo.fijo|max|80650
clientes.pf_fact_act_movil|2016-12-01|descr.movil|max|56999999967
clientes.pf_fact_act_movil|2016-12-01|monto.facturado|max|16288695
clientes.pf_fact_act_movil|2016-12-01|cargo.fijo|min|0
clientes.pf_fact_act_movil|2016-12-01|descr.movil|min|56222094177
clientes.pf_fact_act_movil|2016-12-01|monto.facturado|min|-15586941
clientes.pf_fact_act_movil|2017-01-01|cargo.fijo|mean|17417.7325073562
clientes.pf_fact_act_movil|2017-01-01|descr.movil|mean|56964194458.6066
clientes.pf_fact_act_movil|2017-01-01|monto.facturado|mean|8665.84884063699
clientes.pf_fact_act_movil|2017-01-01|cargo.fijo|median|9990
clientes.pf_fact_act_movil|2017-01-01|descr.movil|median|56965884008
clientes.pf_fact_act_movil|2017-01-01|monto.facturado|median|2540
clientes.pf_fact_act_movil|2017-01-01|cargo.fijo|max|80650
clientes.pf_fact_act_movil|2017-01-01|descr.movil|max|56993209934
clientes.pf_fact_act_movil|2017-01-01|monto.facturado|max|5427048
clientes.pf_fact_act_movil|2017-01-01|cargo.fijo|min|0
clientes.pf_fact_act_movil|2017-01-01|descr.movil|min|56222094177
clientes.pf_fact_act_movil|2017-01-01|monto.facturado|min|-3231429
clientes.pf_fact_act_movil|2017-02-01|cargo.fijo|mean|18345.5899718446
clientes.pf_fact_act_movil|2017-02-01|descr.movil|mean|56969103647.0667
clientes.pf_fact_act_movil|2017-02-01|monto.facturado|mean|9362.41131874043
clientes.pf_fact_act_movil|2017-02-01|cargo.fijo|median|12990
clientes.pf_fact_act_movil|2017-02-01|descr.movil|median|56969091236.5
clientes.pf_fact_act_movil|2017-02-01|monto.facturado|median|3017
clientes.pf_fact_act_movil|2017-02-01|cargo.fijo|max|80650
clientes.pf_fact_act_movil|2017-02-01|descr.movil|max|56999999967
clientes.pf_fact_act_movil|2017-02-01|monto.facturado|max|9044766
clientes.pf_fact_act_movil|2017-02-01|cargo.fijo|min|0
clientes.pf_fact_act_movil|2017-02-01|descr.movil|min|56222094177
clientes.pf_fact_act_movil|2017-02-01|monto.facturado|min|-9044766
clientes.pf_fact_act_movil|2017-03-01|cargo.fijo|mean|18625.6452046422
clientes.pf_fact_act_movil|2017-03-01|descr.movil|mean|56968898284.9745
clientes.pf_fact_act_movil|2017-03-01|monto.facturado|mean|9080.20038552979
clientes.pf_fact_act_movil|2017-03-01|cargo.fijo|median|13990
clientes.pf_fact_act_movil|2017-03-01|descr.movil|median|56968997929
clientes.pf_fact_act_movil|2017-03-01|monto.facturado|median|3017
clientes.pf_fact_act_movil|2017-03-01|cargo.fijo|max|80650
clientes.pf_fact_act_movil|2017-03-01|descr.movil|max|56999999967
clientes.pf_fact_act_movil|2017-03-01|monto.facturado|max|4337540
clientes.pf_fact_act_movil|2017-03-01|cargo.fijo|min|0
clientes.pf_fact_act_movil|2017-03-01|descr.movil|min|56222094177
clientes.pf_fact_act_movil|2017-03-01|monto.facturado|min|-2168770
clientes.pf_fact_act_movil|2017-06-01|cargo.fijo|mean|19337.4882463928
clientes.pf_fact_act_movil|2017-06-01|descr.movil|mean|56968219735.2385
clientes.pf_fact_act_movil|2017-06-01|monto.facturado|mean|9195.51561536215
clientes.pf_fact_act_movil|2017-06-01|cargo.fijo|median|15238
clientes.pf_fact_act_movil|2017-06-01|descr.movil|median|56967692745
clientes.pf_fact_act_movil|2017-06-01|monto.facturado|median|3017
clientes.pf_fact_act_movil|2017-06-01|cargo.fijo|max|80650
clientes.pf_fact_act_movil|2017-06-01|descr.movil|max|56999999967
clientes.pf_fact_act_movil|2017-06-01|monto.facturado|max|16119355
clientes.pf_fact_act_movil|2017-06-01|cargo.fijo|min|0
clientes.pf_fact_act_movil|2017-06-01|descr.movil|min|56222094177
clientes.pf_fact_act_movil|2017-06-01|monto.facturado|min|-14185032
clientes.pf_fact_act_movil|2017-08-01|cargo.fijo|mean|20289.6423701911
clientes.pf_fact_act_movil|2017-08-01|descr.movil|mean|56968055765.8441
clientes.pf_fact_act_movil|2017-08-01|monto.facturado|mean|8720.04014907428
clientes.pf_fact_act_movil|2017-08-01|cargo.fijo|median|17990
clientes.pf_fact_act_movil|2017-08-01|descr.movil|median|56967262177
clientes.pf_fact_act_movil|2017-08-01|monto.facturado|median|2459
clientes.pf_fact_act_movil|2017-08-01|cargo.fijo|max|80650
clientes.pf_fact_act_movil|2017-08-01|descr.movil|max|56999999967
clientes.pf_fact_act_movil|2017-08-01|monto.facturado|max|3656862
clientes.pf_fact_act_movil|2017-08-01|cargo.fijo|min|0
clientes.pf_fact_act_movil|2017-08-01|descr.movil|min|56222073944
clientes.pf_fact_act_movil|2017-08-01|monto.facturado|min|-1828431
clientes.pf_fact_act_movil|2017-11-01|cargo.fijo|mean|20367.2663511615
clientes.pf_fact_act_movil|2017-11-01|descr.movil|mean|56966322253.6812
clientes.pf_fact_act_movil|2017-11-01|monto.facturado|mean|6131.00572074599
clientes.pf_fact_act_movil|2017-11-01|cargo.fijo|median|17990
clientes.pf_fact_act_movil|2017-11-01|descr.movil|median|56966195250.5
clientes.pf_fact_act_movil|2017-11-01|monto.facturado|median|337
clientes.pf_fact_act_movil|2017-11-01|cargo.fijo|max|80650
clientes.pf_fact_act_movil|2017-11-01|descr.movil|max|56999999967
clientes.pf_fact_act_movil|2017-11-01|monto.facturado|max|2914445
clientes.pf_fact_act_movil|2017-11-01|cargo.fijo|min|0
clientes.pf_fact_act_movil|2017-11-01|descr.movil|min|56110057823
clientes.pf_fact_act_movil|2017-11-01|monto.facturado|min|-1020056
clientes.pf_fact_act_movil|2018-02-01|cargo.fijo|mean|20453.4614533825
clientes.pf_fact_act_movil|2018-02-01|descr.movil|mean|56966277957.9963
clientes.pf_fact_act_movil|2018-02-01|monto.facturado|mean|9625.55449437601
clientes.pf_fact_act_movil|2018-02-01|cargo.fijo|median|18990
clientes.pf_fact_act_movil|2018-02-01|descr.movil|median|56966375897
clientes.pf_fact_act_movil|2018-02-01|monto.facturado|median|4090
clientes.pf_fact_act_movil|2018-02-01|cargo.fijo|max|73389
clientes.pf_fact_act_movil|2018-02-01|descr.movil|max|56999999967
clientes.pf_fact_act_movil|2018-02-01|monto.facturado|max|4358964
clientes.pf_fact_act_movil|2018-02-01|cargo.fijo|min|0
clientes.pf_fact_act_movil|2018-02-01|descr.movil|min|56222051750
clientes.pf_fact_act_movil|2018-02-01|monto.facturado|min|-3358974
clientes.pf_fact_act_movil|2018-03-01|cargo.fijo|mean|20629.8586991781
clientes.pf_fact_act_movil|2018-03-01|descr.movil|mean|56966099308.5995
clientes.pf_fact_act_movil|2018-03-01|monto.facturado|mean|8674.95799157819
clientes.pf_fact_act_movil|2018-03-01|cargo.fijo|median|18990
clientes.pf_fact_act_movil|2018-03-01|descr.movil|median|56966336150
clientes.pf_fact_act_movil|2018-03-01|monto.facturado|median|4193
clientes.pf_fact_act_movil|2018-03-01|cargo.fijo|max|73389
clientes.pf_fact_act_movil|2018-03-01|descr.movil|max|56999999967
clientes.pf_fact_act_movil|2018-03-01|monto.facturado|max|10296627
clientes.pf_fact_act_movil|2018-03-01|cargo.fijo|min|0
clientes.pf_fact_act_movil|2018-03-01|descr.movil|min|56222051750
clientes.pf_fact_act_movil|2018-03-01|monto.facturado|min|-10098859
clientes.pf_fact_act_movil|2018-04-01|cargo.fijo|mean|20459.2896586247
clientes.pf_fact_act_movil|2018-04-01|descr.movil|mean|56965959567.6056
clientes.pf_fact_act_movil|2018-04-01|monto.facturado|mean|9321.67803299278
clientes.pf_fact_act_movil|2018-04-01|cargo.fijo|median|18990
clientes.pf_fact_act_movil|2018-04-01|descr.movil|median|56966288662
clientes.pf_fact_act_movil|2018-04-01|monto.facturado|median|4090
clientes.pf_fact_act_movil|2018-04-01|cargo.fijo|max|73389
clientes.pf_fact_act_movil|2018-04-01|descr.movil|max|56999999967
clientes.pf_fact_act_movil|2018-04-01|monto.facturado|max|3852406
clientes.pf_fact_act_movil|2018-04-01|cargo.fijo|min|0
clientes.pf_fact_act_movil|2018-04-01|descr.movil|min|56222051750
clientes.pf_fact_act_movil|2018-04-01|monto.facturado|min|-3763106
clientes.pf_fact_act_movil|2018-05-01|cargo.fijo|mean|21008.0473073585
clientes.pf_fact_act_movil|2018-05-01|descr.movil|mean|56965866660.9762
clientes.pf_fact_act_movil|2018-05-01|monto.facturado|mean|9259.35820578981
clientes.pf_fact_act_movil|2018-05-01|cargo.fijo|median|18990
clientes.pf_fact_act_movil|2018-05-01|descr.movil|median|56966285226
clientes.pf_fact_act_movil|2018-05-01|monto.facturado|median|4704
clientes.pf_fact_act_movil|2018-05-01|cargo.fijo|max|73389
clientes.pf_fact_act_movil|2018-05-01|descr.movil|max|56999999967
clientes.pf_fact_act_movil|2018-05-01|monto.facturado|max|6021697
clientes.pf_fact_act_movil|2018-05-01|cargo.fijo|min|0
clientes.pf_fact_act_movil|2018-05-01|descr.movil|min|56222016020
clientes.pf_fact_act_movil|2018-05-01|monto.facturado|min|-5419527
clientes.pf_fact_act_movil|2018-06-01|cargo.fijo|mean|21069.0681359069
clientes.pf_fact_act_movil|2018-06-01|descr.movil|mean|56965507248.0344
clientes.pf_fact_act_movil|2018-06-01|monto.facturado|mean|9891.49511306734
clientes.pf_fact_act_movil|2018-06-01|cargo.fijo|median|18990
clientes.pf_fact_act_movil|2018-06-01|descr.movil|median|56966160444
clientes.pf_fact_act_movil|2018-06-01|monto.facturado|median|5851
clientes.pf_fact_act_movil|2018-06-01|cargo.fijo|max|73389
clientes.pf_fact_act_movil|2018-06-01|descr.movil|max|56999999967
clientes.pf_fact_act_movil|2018-06-01|monto.facturado|max|2730526
clientes.pf_fact_act_movil|2018-06-01|cargo.fijo|min|0
clientes.pf_fact_act_movil|2018-06-01|descr.movil|min|56222016020
clientes.pf_fact_act_movil|2018-06-01|monto.facturado|min|-2552804
clientes.pf_fact_act_movil|2018-07-01|cargo.fijo|mean|20837.623344285
clientes.pf_fact_act_movil|2018-07-01|descr.movil|mean|56965299094.9816
clientes.pf_fact_act_movil|2018-07-01|monto.facturado|mean|10120.6211142264
clientes.pf_fact_act_movil|2018-07-01|cargo.fijo|median|18990
clientes.pf_fact_act_movil|2018-07-01|descr.movil|median|56966077304
clientes.pf_fact_act_movil|2018-07-01|monto.facturado|median|5042
clientes.pf_fact_act_movil|2018-07-01|cargo.fijo|max|73389
clientes.pf_fact_act_movil|2018-07-01|descr.movil|max|56999999967
clientes.pf_fact_act_movil|2018-07-01|monto.facturado|max|4037735
clientes.pf_fact_act_movil|2018-07-01|cargo.fijo|min|0
clientes.pf_fact_act_movil|2018-07-01|descr.movil|min|56222016020
clientes.pf_fact_act_movil|2018-07-01|monto.facturado|min|-3037745
clientes.pf_fact_act_movil|2018-08-01|cargo.fijo|mean|20879.1448154143
clientes.pf_fact_act_movil|2018-08-01|descr.movil|mean|56965128466.3225
clientes.pf_fact_act_movil|2018-08-01|monto.facturado|mean|9491.91655806342
clientes.pf_fact_act_movil|2018-08-01|cargo.fijo|median|18990
clientes.pf_fact_act_movil|2018-08-01|descr.movil|median|56965997629.5
clientes.pf_fact_act_movil|2018-08-01|monto.facturado|median|4090
clientes.pf_fact_act_movil|2018-08-01|cargo.fijo|max|73389
clientes.pf_fact_act_movil|2018-08-01|descr.movil|max|56999999967
clientes.pf_fact_act_movil|2018-08-01|monto.facturado|max|4399062
clientes.pf_fact_act_movil|2018-08-01|cargo.fijo|min|0
clientes.pf_fact_act_movil|2018-08-01|descr.movil|min|56222016020
clientes.pf_fact_act_movil|2018-08-01|monto.facturado|min|-2352602
clientes.pf_fact_act_movil|2018-09-01|cargo.fijo|mean|21032.6275717837
clientes.pf_fact_act_movil|2018-09-01|descr.movil|mean|56965026904.4523
clientes.pf_fact_act_movil|2018-09-01|monto.facturado|mean|9583.34719389807
clientes.pf_fact_act_movil|2018-09-01|cargo.fijo|median|18990
clientes.pf_fact_act_movil|2018-09-01|descr.movil|median|56965997304
clientes.pf_fact_act_movil|2018-09-01|monto.facturado|median|4200
clientes.pf_fact_act_movil|2018-09-01|cargo.fijo|max|73389
clientes.pf_fact_act_movil|2018-09-01|descr.movil|max|56999999967
clientes.pf_fact_act_movil|2018-09-01|monto.facturado|max|14164294
clientes.pf_fact_act_movil|2018-09-01|cargo.fijo|min|0
clientes.pf_fact_act_movil|2018-09-01|descr.movil|min|56222016020
clientes.pf_fact_act_movil|2018-09-01|monto.facturado|min|-11164324
clientes.pf_fact_act_movil|2018-10-01|cargo.fijo|mean|21071.503431686
clientes.pf_fact_act_movil|2018-10-01|descr.movil|mean|56964757794.8308
clientes.pf_fact_act_movil|2018-10-01|monto.facturado|mean|9225.4303430744
clientes.pf_fact_act_movil|2018-10-01|cargo.fijo|median|18990
clientes.pf_fact_act_movil|2018-10-01|descr.movil|median|56965947556
clientes.pf_fact_act_movil|2018-10-01|monto.facturado|median|4090
clientes.pf_fact_act_movil|2018-10-01|cargo.fijo|max|73389
clientes.pf_fact_act_movil|2018-10-01|descr.movil|max|56999999967
clientes.pf_fact_act_movil|2018-10-01|monto.facturado|max|5808460
clientes.pf_fact_act_movil|2018-10-01|cargo.fijo|min|0
clientes.pf_fact_act_movil|2018-10-01|descr.movil|min|56222010533
clientes.pf_fact_act_movil|2018-10-01|monto.facturado|min|-4568480
clientes.pf_fact_act_movil|2018-11-01|cargo.fijo|mean|21363.2653574013
clientes.pf_fact_act_movil|2018-11-01|descr.movil|mean|56964772495.8153
clientes.pf_fact_act_movil|2018-11-01|monto.facturado|mean|8886.09354000957
clientes.pf_fact_act_movil|2018-11-01|cargo.fijo|median|18990
clientes.pf_fact_act_movil|2018-11-01|descr.movil|median|56965964086
clientes.pf_fact_act_movil|2018-11-01|monto.facturado|median|4025
clientes.pf_fact_act_movil|2018-11-01|cargo.fijo|max|73389
clientes.pf_fact_act_movil|2018-11-01|descr.movil|max|56999999967
clientes.pf_fact_act_movil|2018-11-01|monto.facturado|max|3128097
clientes.pf_fact_act_movil|2018-11-01|cargo.fijo|min|0
clientes.pf_fact_act_movil|2018-11-01|descr.movil|min|56222010533
clientes.pf_fact_act_movil|2018-11-01|monto.facturado|min|-3102117
clientes.pf_fact_act_movil|2018-12-01|cargo.fijo|mean|21328.6336829611
clientes.pf_fact_act_movil|2018-12-01|descr.movil|mean|56964403478.4323
clientes.pf_fact_act_movil|2018-12-01|monto.facturado|mean|8661.39016086081
clientes.pf_fact_act_movil|2018-12-01|cargo.fijo|median|18990
clientes.pf_fact_act_movil|2018-12-01|descr.movil|median|56965863087
clientes.pf_fact_act_movil|2018-12-01|monto.facturado|median|3400
clientes.pf_fact_act_movil|2018-12-01|cargo.fijo|max|73389
clientes.pf_fact_act_movil|2018-12-01|descr.movil|max|56999999967
clientes.pf_fact_act_movil|2018-12-01|monto.facturado|max|4346328
clientes.pf_fact_act_movil|2018-12-01|cargo.fijo|min|0
clientes.pf_fact_act_movil|2018-12-01|descr.movil|min|56222010533
clientes.pf_fact_act_movil|2018-12-01|monto.facturado|min|-2818040
clientes.pf_fact_act_movil|2019-01-01|cargo.fijo|mean|21503.6357417815
clientes.pf_fact_act_movil|2019-01-01|descr.movil|mean|56964277774.4906
clientes.pf_fact_act_movil|2019-01-01|monto.facturado|mean|8418.26546515081
clientes.pf_fact_act_movil|2019-01-01|cargo.fijo|median|18990
clientes.pf_fact_act_movil|2019-01-01|descr.movil|median|56965754935
clientes.pf_fact_act_movil|2019-01-01|monto.facturado|median|3305
clientes.pf_fact_act_movil|2019-01-01|cargo.fijo|max|73389
clientes.pf_fact_act_movil|2019-01-01|descr.movil|max|56999999967
clientes.pf_fact_act_movil|2019-01-01|monto.facturado|max|4619160
clientes.pf_fact_act_movil|2019-01-01|cargo.fijo|min|0
clientes.pf_fact_act_movil|2019-01-01|descr.movil|min|56222010533
clientes.pf_fact_act_movil|2019-01-01|monto.facturado|min|-4009497
clientes.pf_fact_act_movil|2019-02-01|cargo.fijo|mean|21446.6315746755
clientes.pf_fact_act_movil|2019-02-01|descr.movil|mean|56964160063.6229
clientes.pf_fact_act_movil|2019-02-01|monto.facturado|mean|8456.87878213409
clientes.pf_fact_act_movil|2019-02-01|cargo.fijo|median|18990
clientes.pf_fact_act_movil|2019-02-01|descr.movil|median|56965495070
clientes.pf_fact_act_movil|2019-02-01|monto.facturado|median|3301
clientes.pf_fact_act_movil|2019-02-01|cargo.fijo|max|73389
clientes.pf_fact_act_movil|2019-02-01|descr.movil|max|56999999967
clientes.pf_fact_act_movil|2019-02-01|monto.facturado|max|3126648
clientes.pf_fact_act_movil|2019-02-01|cargo.fijo|min|0
clientes.pf_fact_act_movil|2019-02-01|descr.movil|min|56222010533
clientes.pf_fact_act_movil|2019-02-01|monto.facturado|min|-2420433
clientes.pf_fact_act_movil|2019-03-01|cargo.fijo|mean|21378.3786825281
clientes.pf_fact_act_movil|2019-03-01|descr.movil|mean|56963854662.9285
clientes.pf_fact_act_movil|2019-03-01|monto.facturado|mean|8145.47920415337
clientes.pf_fact_act_movil|2019-03-01|cargo.fijo|median|18990
clientes.pf_fact_act_movil|2019-03-01|descr.movil|median|56964683517.5
clientes.pf_fact_act_movil|2019-03-01|monto.facturado|median|3251
clientes.pf_fact_act_movil|2019-03-01|cargo.fijo|max|73389
clientes.pf_fact_act_movil|2019-03-01|descr.movil|max|56999999967
clientes.pf_fact_act_movil|2019-03-01|monto.facturado|max|6766410
clientes.pf_fact_act_movil|2019-03-01|cargo.fijo|min|0
clientes.pf_fact_act_movil|2019-03-01|descr.movil|min|56222010533
clientes.pf_fact_act_movil|2019-03-01|monto.facturado|min|-42017
clientes.pf_fact_act_movil|2019-04-01|cargo.fijo|mean|21283.2672660486
clientes.pf_fact_act_movil|2019-04-01|descr.movil|mean|56963665134.3854
clientes.pf_fact_act_movil|2019-04-01|monto.facturado|mean|7894.71902870613
clientes.pf_fact_act_movil|2019-04-01|cargo.fijo|median|18990
clientes.pf_fact_act_movil|2019-04-01|descr.movil|median|56964496060
clientes.pf_fact_act_movil|2019-04-01|monto.facturado|median|2759
clientes.pf_fact_act_movil|2019-04-01|cargo.fijo|max|73389
clientes.pf_fact_act_movil|2019-04-01|descr.movil|max|56999999967
clientes.pf_fact_act_movil|2019-04-01|monto.facturado|max|6590354
clientes.pf_fact_act_movil|2019-04-01|cargo.fijo|min|0
clientes.pf_fact_act_movil|2019-04-01|descr.movil|min|56110000316
clientes.pf_fact_act_movil|2019-04-01|monto.facturado|min|-6577364
clientes.pf_fact_act_movil|2019-06-01|cargo.fijo|mean|21173.721020426
clientes.pf_fact_act_movil|2019-06-01|descr.movil|mean|56963470996.7876
clientes.pf_fact_act_movil|2019-06-01|monto.facturado|mean|7422.47986050726
clientes.pf_fact_act_movil|2019-06-01|cargo.fijo|median|18990
clientes.pf_fact_act_movil|2019-06-01|descr.movil|median|56964357347
clientes.pf_fact_act_movil|2019-06-01|monto.facturado|median|2176
clientes.pf_fact_act_movil|2019-06-01|cargo.fijo|max|73389
clientes.pf_fact_act_movil|2019-06-01|descr.movil|max|56999999967
clientes.pf_fact_act_movil|2019-06-01|monto.facturado|max|7434420
clientes.pf_fact_act_movil|2019-06-01|cargo.fijo|min|0
clientes.pf_fact_act_movil|2019-06-01|descr.movil|min|56222010533
clientes.pf_fact_act_movil|2019-06-01|monto.facturado|min|-2772461
clientes.pf_fact_act_movil|2019-07-01|cargo.fijo|mean|21149.4550450975
clientes.pf_fact_act_movil|2019-07-01|descr.movil|mean|56963421598.2575
clientes.pf_fact_act_movil|2019-07-01|monto.facturado|mean|7208.74761506241
clientes.pf_fact_act_movil|2019-07-01|cargo.fijo|median|18990
clientes.pf_fact_act_movil|2019-07-01|descr.movil|median|56964347787
clientes.pf_fact_act_movil|2019-07-01|monto.facturado|median|2176
clientes.pf_fact_act_movil|2019-07-01|cargo.fijo|max|73389
clientes.pf_fact_act_movil|2019-07-01|descr.movil|max|56999999967
clientes.pf_fact_act_movil|2019-07-01|monto.facturado|max|6001639
clientes.pf_fact_act_movil|2019-07-01|cargo.fijo|min|0
clientes.pf_fact_act_movil|2019-07-01|descr.movil|min|56222010533
clientes.pf_fact_act_movil|2019-07-01|monto.facturado|min|-6018526
clientes.pf_fact_act_movil|2019-08-01|cargo.fijo|mean|21140.0758999407
clientes.pf_fact_act_movil|2019-08-01|descr.movil|mean|56963205384.0088
clientes.pf_fact_act_movil|2019-08-01|monto.facturado|mean|6886.92970689347
clientes.pf_fact_act_movil|2019-08-01|cargo.fijo|median|18990
clientes.pf_fact_act_movil|2019-08-01|descr.movil|median|56964078585
clientes.pf_fact_act_movil|2019-08-01|monto.facturado|median|2176
clientes.pf_fact_act_movil|2019-08-01|cargo.fijo|max|73389
clientes.pf_fact_act_movil|2019-08-01|descr.movil|max|56999999967
clientes.pf_fact_act_movil|2019-08-01|monto.facturado|max|6011339
clientes.pf_fact_act_movil|2019-08-01|cargo.fijo|min|0
clientes.pf_fact_act_movil|2019-08-01|descr.movil|min|56222010533
clientes.pf_fact_act_movil|2019-08-01|monto.facturado|min|-91620
clientes.pf_fact_act_movil|2019-09-01|cargo.fijo|mean|21186.7756717258
clientes.pf_fact_act_movil|2019-09-01|descr.movil|mean|56963248697.0057
clientes.pf_fact_act_movil|2019-09-01|monto.facturado|mean|6754.13771322565
clientes.pf_fact_act_movil|2019-09-01|cargo.fijo|median|18990
clientes.pf_fact_act_movil|2019-09-01|descr.movil|median|56964250850
clientes.pf_fact_act_movil|2019-09-01|monto.facturado|median|2176
clientes.pf_fact_act_movil|2019-09-01|cargo.fijo|max|69990
clientes.pf_fact_act_movil|2019-09-01|descr.movil|max|56999999967
clientes.pf_fact_act_movil|2019-09-01|monto.facturado|max|5025114
clientes.pf_fact_act_movil|2019-09-01|cargo.fijo|min|0
clientes.pf_fact_act_movil|2019-09-01|descr.movil|min|56222010533
clientes.pf_fact_act_movil|2019-09-01|monto.facturado|min|-4965114
clientes.pf_fact_act_movil|2019-10-01|cargo.fijo|mean|21185.0512800014
clientes.pf_fact_act_movil|2019-10-01|descr.movil|mean|56962940661.5144
clientes.pf_fact_act_movil|2019-10-01|monto.facturado|mean|6709.52032142516
clientes.pf_fact_act_movil|2019-10-01|cargo.fijo|median|18990
clientes.pf_fact_act_movil|2019-10-01|descr.movil|median|56963078997
clientes.pf_fact_act_movil|2019-10-01|monto.facturado|median|2176
clientes.pf_fact_act_movil|2019-10-01|cargo.fijo|max|69990
clientes.pf_fact_act_movil|2019-10-01|descr.movil|max|56999999967
clientes.pf_fact_act_movil|2019-10-01|monto.facturado|max|8365543
clientes.pf_fact_act_movil|2019-10-01|cargo.fijo|min|0
clientes.pf_fact_act_movil|2019-10-01|descr.movil|min|56222010533
clientes.pf_fact_act_movil|2019-10-01|monto.facturado|min|-8486945
clientes.pf_fact_act_movil|2019-11-01|cargo.fijo|mean|17372.7146874383
clientes.pf_fact_act_movil|2019-11-01|descr.movil|mean|56933467286.5043
clientes.pf_fact_act_movil|2019-11-01|monto.facturado|mean|5857.34352783978
clientes.pf_fact_act_movil|2019-11-01|cargo.fijo|median|15990
clientes.pf_fact_act_movil|2019-11-01|descr.movil|median|56933889979
clientes.pf_fact_act_movil|2019-11-01|monto.facturado|median|2176
clientes.pf_fact_act_movil|2019-11-01|cargo.fijo|max|69990
clientes.pf_fact_act_movil|2019-11-01|descr.movil|max|56934530461
clientes.pf_fact_act_movil|2019-11-01|monto.facturado|max|2282506
clientes.pf_fact_act_movil|2019-11-01|cargo.fijo|min|0
clientes.pf_fact_act_movil|2019-11-01|descr.movil|min|56930007417
clientes.pf_fact_act_movil|2019-11-01|monto.facturado|min|-2260674
clientes.pf_fact_act_movil|2019-12-01|cargo.fijo|mean|17610.072719084
clientes.pf_fact_act_movil|2019-12-01|descr.movil|mean|56937811057.8439
clientes.pf_fact_act_movil|2019-12-01|monto.facturado|mean|5814.14870822017
clientes.pf_fact_act_movil|2019-12-01|cargo.fijo|median|15990
clientes.pf_fact_act_movil|2019-12-01|descr.movil|median|56934588879.5
clientes.pf_fact_act_movil|2019-12-01|monto.facturado|median|2176
clientes.pf_fact_act_movil|2019-12-01|cargo.fijo|max|69990
clientes.pf_fact_act_movil|2019-12-01|descr.movil|max|56945274503
clientes.pf_fact_act_movil|2019-12-01|monto.facturado|max|4756588
clientes.pf_fact_act_movil|2019-12-01|cargo.fijo|min|0
clientes.pf_fact_act_movil|2019-12-01|descr.movil|min|56930007417
clientes.pf_fact_act_movil|2019-12-01|monto.facturado|min|-5163853
clientes.pf_fact_act_movil|2020-01-01|cargo.fijo|mean|21016.6139535023
clientes.pf_fact_act_movil|2020-01-01|descr.movil|mean|56962717321.7928
clientes.pf_fact_act_movil|2020-01-01|monto.facturado|mean|6244.0071780165
clientes.pf_fact_act_movil|2020-01-01|cargo.fijo|median|16900
clientes.pf_fact_act_movil|2020-01-01|descr.movil|median|56962473371
clientes.pf_fact_act_movil|2020-01-01|monto.facturado|median|1700
clientes.pf_fact_act_movil|2020-01-01|cargo.fijo|max|69990
clientes.pf_fact_act_movil|2020-01-01|descr.movil|max|56999999967
clientes.pf_fact_act_movil|2020-01-01|monto.facturado|max|7686420
clientes.pf_fact_act_movil|2020-01-01|cargo.fijo|min|0
clientes.pf_fact_act_movil|2020-01-01|descr.movil|min|56222010533
clientes.pf_fact_act_movil|2020-01-01|monto.facturado|min|-84034
